tiempo,amplitud
0.000000,0.000305422
0.010000,0.000444806
0.020000,0.000680438
0.030000,0.000761411
0.040000,0.000812106
0.050000,0.000824957
0.060000,0.000612492
0.070000,8.39515e-05
0.080000,-0.00014511
0.090000,0.000545033
0.100000,0.00161034
0.110000,0.00197416
0.120000,0.000661051
0.130000,-0.00159461
0.140000,-0.00155218
0.150000,0.00177207
0.160000,0.00476148
0.170000,0.00468175
0.180000,0.000122624
0.190000,-0.00556965
0.200000,-0.00428837
0.210000,0.00369043
0.220000,0.011262
0.230000,0.00872053
0.240000,-0.00422262
0.250000,-0.00953575
0.260000,-0.00160236
0.270000,0.00569096
0.280000,0.00718559
0.290000,0.00665596
0.300000,0.0022942
0.310000,-0.00709897
0.320000,-0.0119166
0.330000,-0.0088148
0.340000,-0.00318556
0.350000,0.00395965
0.360000,0.00694672
0.370000,0.0040563
0.380000,-0.00115684
0.390000,-0.00630317
0.400000,-0.00645547
0.410000,0.000405231
0.420000,0.00861212
0.430000,0.00630184
0.440000,-0.00804169
0.450000,-0.0247172
0.460000,-0.0313104
0.470000,-0.0165525
0.480000,0.0158758
0.490000,0.045013
0.500000,0.0380093
0.510000,-0.00202229
0.520000,-0.0316183
0.530000,-0.0482079
0.540000,-0.0601318
0.550000,-0.0513537
0.560000,-0.031315
0.570000,-0.0143124
0.580000,-0.00414648
0.590000,-5.87064e-05
0.600000,0.0191139
0.610000,0.047746
0.620000,0.0476905
0.630000,0.0273501
0.640000,0.0245833
0.650000,0.0219599
0.660000,-0.00866825
0.670000,-0.0363138
0.680000,-0.0406898
0.690000,-0.0312134
0.700000,-0.0111824
0.710000,-0.000489052
0.720000,-0.00646222
0.730000,-0.0119942
0.740000,-0.00166915
0.750000,0.0195806
0.760000,0.0222641
0.770000,0.00563997
0.780000,-0.00373801
0.790000,-0.00678462
0.800000,-0.0207817
0.810000,-0.042562
0.820000,-0.0517953
0.830000,-0.0276366
0.840000,0.0309168
0.850000,0.0902688
0.860000,0.0913873
0.870000,0.0295108
0.880000,-0.0266721
0.890000,-0.0319765
0.900000,0.0115508
0.910000,0.0279309
0.920000,-0.0370576
0.930000,-0.0965342
0.940000,-0.106713
0.950000,-0.109636
0.960000,-0.0692204
0.970000,0.0178564
0.980000,0.0791264
0.990000,0.10331
1.000000,0.0859329
1.010000,0.036658
1.020000,0.00401098
1.030000,-0.00601073
1.040000,-0.00161646
1.050000,-6.79069e-05
1.060000,-0.02788
1.070000,-0.069495
1.080000,-0.0817194
1.090000,-0.0307863
1.100000,0.0233658
1.110000,0.00375167
1.120000,-0.038101
1.130000,-0.0473412
1.140000,-0.0447474
1.150000,-0.0392076
1.160000,-0.0374043
1.170000,-0.0546885
1.180000,-0.0482714
1.190000,0.0161316
1.200000,0.0702355
1.210000,0.0592375
1.220000,0.038445
1.230000,0.0405356
1.240000,0.0244682
1.250000,-0.00300629
1.260000,-0.01364
1.270000,-0.0297397
1.280000,-0.0556753
1.290000,-0.0645576
1.300000,-0.0489128
1.310000,-0.0153944
1.320000,0.0205903
1.330000,0.0255406
1.340000,-0.00452063
1.350000,-0.0250608
1.360000,-0.0191172
1.370000,-0.0148712
1.380000,-0.0289355
1.390000,-0.0370548
1.400000,-0.0219665
1.410000,-0.00110872
1.420000,-0.00206983
1.430000,-0.0315814
1.440000,-0.0679156
1.450000,-0.077376
1.460000,-0.0452207
1.470000,-0.0127657
1.480000,-0.00120354
1.490000,-0.00249612
1.500000,-0.0186922
1.510000,-0.0244548
1.520000,-0.00919743
1.530000,0.000569755
1.540000,-0.00604827
1.550000,-0.0232975
1.560000,-0.0411117
1.570000,-0.0434801
1.580000,-0.0367461
1.590000,-0.0233861
1.600000,0.00689478
1.610000,0.0276735
1.620000,0.028119
1.630000,0.0431271
1.640000,0.0580207
1.650000,0.0304397
1.660000,-0.0182282
1.670000,-0.0760574
1.680000,-0.133672
1.690000,-0.138094
1.700000,-0.105847
1.710000,-0.098818
1.720000,-0.111959
1.730000,-0.0894405
1.740000,-0.0349204
1.750000,-0.00378578
1.760000,0.00273197
1.770000,-0.0123817
1.780000,-0.0258494
1.790000,0.00499001
1.800000,0.0373282
1.810000,0.0486716
1.820000,0.0695135
1.830000,0.0956403
1.840000,0.111924
1.850000,0.0937824
1.860000,0.0473447
1.870000,0.0202142
1.880000,0.0083668
1.890000,-0.0194151
1.900000,-0.058212
1.910000,-0.100894
1.920000,-0.0735466
1.930000,0.0737879
1.940000,0.179826
1.950000,0.175654
1.960000,0.155266
1.970000,0.123325
1.980000,0.0852471
1.990000,0.0654491
2.000000,0.0561056
2.010000,0.0387415
2.020000,-0.0119343
2.030000,-0.0789582
2.040000,-0.129968
2.050000,-0.100772
2.060000,0.021614
2.070000,0.080472
2.080000,0.00830189
2.090000,-0.068578
2.100000,-0.0937273
2.110000,-0.131123
2.120000,-0.180496
2.130000,-0.194618
2.140000,-0.183125
2.150000,-0.179839
2.160000,-0.186748
2.170000,-0.178694
2.180000,-0.161706
2.190000,-0.151088
2.200000,-0.126364
2.210000,-0.0768567
2.220000,-0.0290203
2.230000,-0.019706
2.240000,-0.0483537
2.250000,-0.0658621
2.260000,-0.0702765
2.270000,-0.0688591
2.280000,-0.0338605
2.290000,0.00627944
2.300000,0.0399067
2.310000,0.0443223
2.320000,-0.0381767
2.330000,-0.130982
2.340000,-0.172436
2.350000,-0.216446
2.360000,-0.229461
2.370000,-0.185506
2.380000,-0.146878
2.390000,-0.113321
2.400000,-0.0701626
2.410000,-0.0194698
2.420000,0.0541142
2.430000,0.140831
2.440000,0.218898
2.450000,0.2753
2.460000,0.296894
2.470000,0.258524
2.480000,0.185774
2.490000,0.154886
2.500000,0.183439
2.510000,0.227633
2.520000,0.261201
2.530000,0.297383
2.540000,0.32431
2.550000,0.327933
2.560000,0.31443
2.570000,0.286146
2.580000,0.267261
2.590000,0.253717
2.600000,0.222862
2.610000,0.189054
2.620000,0.171396
2.630000,0.164692
2.640000,0.142351
2.650000,0.128839
2.660000,0.152442
2.670000,0.159768
2.680000,0.132081
2.690000,0.100581
2.700000,0.128835
2.710000,0.248036
2.720000,0.374903
2.730000,0.434105
2.740000,0.436447
2.750000,0.470036
2.760000,0.543021
2.770000,0.574541
2.780000,0.539198
2.790000,0.467986
2.800000,0.449059
2.810000,0.445752
2.820000,0.323182
2.830000,0.169437
2.840000,0.0788265
2.850000,-0.0121935
2.860000,-0.114888
2.870000,-0.221121
2.880000,-0.167776
2.890000,0.126385
2.900000,0.375221
2.910000,0.409384
2.920000,0.317074
2.930000,0.270408
2.940000,0.382149
2.950000,0.50693
2.960000,0.481987
2.970000,0.409553
2.980000,0.377523
2.990000,0.322907
3.000000,0.234379
3.010000,0.177436
3.020000,0.159163
3.030000,0.110011
3.040000,0.0428326
3.050000,0.00287758
3.060000,-0.0519819
3.070000,-0.115688
3.080000,-0.159887
3.090000,-0.206916
3.100000,-0.214486
3.110000,-0.219799
3.120000,-0.302822
3.130000,-0.405745
3.140000,-0.457798
3.150000,-0.366607
3.160000,-0.251427
3.170000,-0.32213
3.180000,-0.386821
3.190000,-0.321357
3.200000,-0.267478
3.210000,-0.239614
3.220000,-0.222623
3.230000,-0.25632
3.240000,-0.278799
3.250000,-0.243684
3.260000,-0.264303
3.270000,-0.352131
3.280000,-0.423834
3.290000,-0.530125
3.300000,-0.597157
3.310000,-0.507419
3.320000,-0.41799
3.330000,-0.477806
3.340000,-0.61887
3.350000,-0.704889
3.360000,-0.671525
3.370000,-0.501892
3.380000,-0.33665
3.390000,-0.320176
3.400000,-0.307272
3.410000,-0.223338
3.420000,-0.16103
3.430000,-0.16377
3.440000,-0.20821
3.450000,-0.224706
3.460000,-0.224628
3.470000,-0.221654
3.480000,-0.175816
3.490000,-0.123843
3.500000,-0.0690237
3.510000,0.0203981
3.520000,0.0286649
3.530000,-0.0921793
3.540000,-0.189926
3.550000,-0.182504
3.560000,-0.0980174
3.570000,0.0149332
3.580000,0.0934127
3.590000,0.125308
3.600000,0.108899
3.610000,0.0499026
3.620000,0.0373852
3.630000,0.0692967
3.640000,0.034141
3.650000,-0.0852302
3.660000,-0.186716
3.670000,-0.180824
3.680000,-0.130925
3.690000,-0.146136
3.700000,-0.192536
3.710000,-0.171592
3.720000,-0.10658
3.730000,-0.0231325
3.740000,0.0988769
3.750000,0.168231
3.760000,0.181422
3.770000,0.213557
3.780000,0.228739
3.790000,0.231493
3.800000,0.255879
3.810000,0.270661
3.820000,0.254136
3.830000,0.23187
3.840000,0.224747
3.850000,0.223
3.860000,0.224279
3.870000,0.220961
3.880000,0.202879
3.890000,0.187737
3.900000,0.177501
3.910000,0.15983
3.920000,0.156834
3.930000,0.180025
3.940000,0.207216
3.950000,0.234339
3.960000,0.260597
3.970000,0.264721
3.980000,0.250399
3.990000,0.239364
4.000000,0.216259
4.010000,0.185077
4.020000,0.164331
4.030000,0.136018
4.040000,0.112126
4.050000,0.105611
4.060000,0.0927681
4.070000,0.0714741
4.080000,0.0584924
4.090000,0.0553407
4.100000,0.0542162
4.110000,0.063665
4.120000,0.0776817
4.130000,0.0713026
4.140000,0.0692509
4.150000,0.0861739
4.160000,0.0583214
4.170000,-0.0303417
4.180000,-0.106316
4.190000,-0.161367
4.200000,-0.212837
4.210000,-0.21791
4.220000,-0.185299
4.230000,-0.169969
4.240000,-0.196562
4.250000,-0.233122
4.260000,-0.264753
4.270000,-0.269108
4.280000,-0.206049
4.290000,-0.13199
4.300000,-0.0352809
4.310000,0.124092
4.320000,0.288369
4.330000,0.40585
4.340000,0.463141
4.350000,0.454395
4.360000,0.367879
4.370000,0.273465
4.380000,0.194138
4.390000,0.0796381
4.400000,-0.0133965
4.410000,-0.0587403
4.420000,-0.106452
4.430000,-0.147095
4.440000,-0.157674
4.450000,-0.159822
4.460000,-0.188275
4.470000,-0.267441
4.480000,-0.29689
4.490000,-0.204879
4.500000,-0.148327
4.510000,-0.168362
4.520000,-0.180998
4.530000,-0.215755
4.540000,-0.277354
4.550000,-0.306869
4.560000,-0.279097
4.570000,-0.22955
4.580000,-0.21597
4.590000,-0.216385
4.600000,-0.124771
4.610000,0.0982172
4.620000,0.309466
4.630000,0.384541
4.640000,0.444085
4.650000,0.52295
4.660000,0.410769
4.670000,0.198987
4.680000,0.127884
4.690000,0.0728725
4.700000,0.0131622
4.710000,0.0471077
4.720000,0.0578318
4.730000,0.041719
4.740000,0.0823305
4.750000,0.0971095
4.760000,0.0511463
4.770000,-0.000384172
4.780000,-0.094207
4.790000,-0.198468
4.800000,-0.209967
4.810000,-0.182331
4.820000,-0.175463
4.830000,-0.174669
4.840000,-0.202436
4.850000,-0.196813
4.860000,-0.12479
4.870000,-0.114336
4.880000,-0.16111
4.890000,-0.145559
4.900000,-0.1337
4.910000,-0.185835
4.920000,-0.228593
4.930000,-0.255006
4.940000,-0.25187
4.950000,-0.215943
4.960000,-0.210837
4.970000,-0.1963
4.980000,-0.130373
4.990000,-0.0636512
5.000000,-0.00568589
5.010000,0.0126338
5.020000,-0.0569039
5.030000,-0.123025
5.040000,-0.0824626
5.050000,0.0197381
5.060000,0.121452
5.070000,0.232395
5.080000,0.241327
5.090000,0.126417
5.100000,0.0932007
5.110000,0.115518
5.120000,0.0493099
5.130000,-0.0976454
5.140000,-0.217534
5.150000,-0.262696
5.160000,-0.312509
5.170000,-0.303908
5.180000,-0.213839
5.190000,-0.212668
5.200000,-0.238816
5.210000,-0.128985
5.220000,-0.0231245
5.230000,-0.00435137
5.240000,0.100323
5.250000,0.173008
5.260000,0.0197749
5.270000,-0.132723
5.280000,-0.190978
5.290000,-0.228301
5.300000,-0.151204
5.310000,-0.0567967
5.320000,-0.0704422
5.330000,-0.0935328
5.340000,-0.092339
5.350000,-0.111297
5.360000,-0.113224
5.370000,-0.0312068
5.380000,0.0239055
5.390000,-0.050582
5.400000,-0.114104
5.410000,-0.171896
5.420000,-0.272822
5.430000,-0.245705
5.440000,-0.113403
5.450000,-0.0359684
5.460000,-0.0260729
5.470000,-0.0466348
5.480000,-0.0662508
5.490000,-0.0422572
5.500000,0.0232984
5.510000,0.0488841
5.520000,0.00631704
5.530000,-0.00892328
5.540000,0.0451623
5.550000,0.104873
5.560000,0.159037
5.570000,0.213378
5.580000,0.217811
5.590000,0.164624
5.600000,0.126645
5.610000,0.124644
5.620000,0.107119
5.630000,0.0860631
5.640000,0.0932617
5.650000,0.121407
5.660000,0.161128
5.670000,0.204854
5.680000,0.257032
5.690000,0.301435
5.700000,0.316342
5.710000,0.320635
5.720000,0.323282
5.730000,0.315576
5.740000,0.298489
5.750000,0.260601
5.760000,0.20166
5.770000,0.136621
5.780000,0.072169
5.790000,0.0391981
5.800000,0.0393935
5.810000,0.0214169
5.820000,-0.0170418
5.830000,-0.00903182
5.840000,0.0424114
5.850000,0.0543901
5.860000,0.0481525
5.870000,0.0805143
5.880000,0.117506
5.890000,0.103701
5.900000,0.0462388
5.910000,0.031132
5.920000,0.0732375
5.930000,0.0728701
5.940000,-0.0566336
5.950000,-0.282904
5.960000,-0.399838
5.970000,-0.139961
5.980000,0.19765
5.990000,0.0829497
6.000000,-0.127897
6.010000,-0.0676156
6.020000,0.00458148
6.030000,-0.0127364
6.040000,-0.0695804
6.050000,-0.178859
6.060000,-0.332572
6.070000,-0.46722
6.080000,-0.478039
6.090000,-0.430992
6.100000,-0.44116
6.110000,-0.371823
6.120000,-0.190044
6.130000,-0.122523
6.140000,-0.232027
6.150000,-0.315117
6.160000,-0.246963
6.170000,-0.144569
6.180000,-0.060655
6.190000,0.0671346
6.200000,0.224726
6.210000,0.420426
6.220000,0.667566
6.230000,0.779089
6.240000,0.615599
6.250000,0.437976
6.260000,0.398538
6.270000,0.314294
6.280000,0.173841
6.290000,0.0364277
6.300000,-0.106679
6.310000,-0.162448
6.320000,-0.0901481
6.330000,0.0863781
6.340000,0.121331
6.350000,-0.173771
6.360000,-0.434153
6.370000,-0.423423
6.380000,-0.327013
6.390000,-0.355131
6.400000,-0.442306
6.410000,-0.37
6.420000,-0.238743
6.430000,-0.222945
6.440000,-0.15996
6.450000,-0.0119488
6.460000,0.0534693
6.470000,0.0463843
6.480000,0.0116089
6.490000,0.0439062
6.500000,0.109449
6.510000,0.0623388
6.520000,-0.00853516
6.530000,-0.0394436
6.540000,-0.0826607
6.550000,-0.113115
6.560000,-0.142377
6.570000,-0.111742
6.580000,0.124924
6.590000,0.370275
6.600000,0.399551
6.610000,0.293235
6.620000,0.141213
6.630000,0.0364839
6.640000,-0.0192869
6.650000,-0.0855273
6.660000,-0.133808
6.670000,-0.169714
6.680000,-0.214023
6.690000,-0.246707
6.700000,-0.260324
6.710000,-0.257773
6.720000,-0.215542
6.730000,-0.135367
6.740000,-0.0692486
6.750000,-0.0568442
6.760000,-0.0998732
6.770000,-0.186787
6.780000,-0.34453
6.790000,-0.398801
6.800000,-0.156382
6.810000,0.0276863
6.820000,-0.0418215
6.830000,-0.040194
6.840000,0.0620132
6.850000,0.088023
6.860000,0.118559
6.870000,0.196672
6.880000,0.144802
6.890000,-0.00182544
6.900000,-0.000662483
6.910000,0.0977467
6.920000,0.0397628
6.930000,-0.126552
6.940000,-0.225108
6.950000,-0.345941
6.960000,-0.415917
6.970000,-0.0836423
6.980000,0.32958
6.990000,0.222729
7.000000,0.0150137
7.010000,0.0850661
7.020000,0.119997
7.030000,0.098841
7.040000,0.133187
7.050000,0.163081
7.060000,0.190277
7.070000,0.257402
7.080000,0.326493
7.090000,0.336718
7.100000,0.310593
7.110000,0.236958
7.120000,0.129147
7.130000,0.0902806
7.140000,0.0772202
7.150000,-0.00803645
7.160000,-0.119024
7.170000,-0.152866
7.180000,-0.11952
7.190000,-0.128896
7.200000,-0.21037
7.210000,-0.270481
7.220000,-0.271059
7.230000,-0.283868
7.240000,-0.32772
7.250000,-0.356662
7.260000,-0.328749
7.270000,-0.185877
7.280000,-0.0155758
7.290000,0.0293567
7.300000,0.0833148
7.310000,0.347283
7.320000,0.733822
7.330000,0.914064
7.340000,0.806463
7.350000,0.697022
7.360000,0.616048
7.370000,0.452889
7.380000,0.338572
7.390000,0.301236
7.400000,0.213351
7.410000,0.0958877
7.420000,0.0269779
7.430000,-0.0155427
7.440000,-0.0418932
7.450000,-0.019875
7.460000,-0.00250804
7.470000,-0.0229166
7.480000,0.010331
7.490000,0.0901599
7.500000,0.115019
7.510000,0.0344584
7.520000,-0.139887
7.530000,-0.294941
7.540000,-0.327456
7.550000,-0.316834
7.560000,-0.308525
7.570000,-0.232221
7.580000,-0.217814
7.590000,-0.35188
7.600000,-0.478106
7.610000,-0.493967
7.620000,-0.390537
7.630000,-0.27752
7.640000,-0.274878
7.650000,-0.311589
7.660000,-0.351371
7.670000,-0.427597
7.680000,-0.393111
7.690000,-0.24542
7.700000,-0.20354
7.710000,-0.181876
7.720000,-0.0265683
7.730000,0.399879
7.740000,1.00727
7.750000,1.22591
7.760000,1.06286
7.770000,0.863635
7.780000,0.61066
7.790000,0.436031
7.800000,0.469292
7.810000,0.554079
7.820000,0.447666
7.830000,0.0982664
7.840000,-0.162377
7.850000,-0.0389425
7.860000,0.216078
7.870000,0.244918
7.880000,0.145686
7.890000,0.113556
7.900000,0.0625351
7.910000,-0.0529011
7.920000,-0.0630535
7.930000,0.0279496
7.940000,0.0190118
7.950000,-0.107699
7.960000,-0.235685
7.970000,-0.36713
7.980000,-0.495699
7.990000,-0.582972
8.000000,-0.611393
8.010000,-0.461991
8.020000,-0.268006
8.030000,-0.298126
8.040000,-0.359951
8.050000,-0.209843
8.060000,0.022403
8.070000,0.170007
8.080000,0.218605
8.090000,0.143958
8.100000,0.0354024
8.110000,0.115541
8.120000,0.279444
8.130000,0.314447
8.140000,0.279206
8.150000,0.308983
8.160000,0.450227
8.170000,0.658069
8.180000,0.842523
8.190000,0.823783
8.200000,0.628025
8.210000,0.407363
8.220000,0.214443
8.230000,0.16884
8.240000,0.202365
8.250000,0.185312
8.260000,0.152859
8.270000,0.12558
8.280000,0.07728
8.290000,0.0185774
8.300000,-0.0421817
8.310000,-0.15649
8.320000,-0.205823
8.330000,-0.0791752
8.340000,0.0149114
8.350000,-0.071285
8.360000,-0.1173
8.370000,0.0737063
8.380000,0.313816
8.390000,0.473344
8.400000,0.575225
8.410000,0.507222
8.420000,0.220473
8.430000,-0.133523
8.440000,-0.379154
8.450000,-0.53573
8.460000,-0.508354
8.470000,-0.268874
8.480000,-0.228498
8.490000,-0.474436
8.500000,-0.65711
8.510000,-0.774772
8.520000,-0.976843
8.530000,-0.883241
8.540000,-0.401149
8.550000,-0.0629055
8.560000,0.214865
8.570000,0.417695
8.580000,0.239998
8.590000,0.114421
8.600000,0.172159
8.610000,0.117984
8.620000,0.0213978
8.630000,-0.0225616
8.640000,-0.0465926
8.650000,-0.0609655
8.660000,-0.0696535
8.670000,-0.0991756
8.680000,-0.11356
8.690000,-0.0252725
8.700000,0.091552
8.710000,0.0803888
8.720000,-0.0158728
8.730000,-0.0867125
8.740000,0.0010694
8.750000,0.219282
8.760000,0.309649
8.770000,0.332134
8.780000,0.386814
8.790000,0.336892
8.800000,0.202015
8.810000,0.0673227
8.820000,-0.115555
8.830000,-0.303289
8.840000,-0.265214
8.850000,-0.0547053
8.860000,-0.00826924
8.870000,-0.0825703
8.880000,-0.0673624
8.890000,-0.00941398
8.900000,0.0599862
8.910000,0.127962
8.920000,0.120451
8.930000,0.0678462
8.940000,0.0560356
8.950000,0.0350735
8.960000,-0.0542287
8.970000,-0.0930949
8.980000,0.042322
8.990000,0.306058
9.000000,0.443499
9.010000,0.231356
9.020000,-0.0331301
9.030000,-0.0442712
9.040000,-0.0429349
9.050000,-0.100066
9.060000,-0.0867996
9.070000,-0.0919686
9.080000,-0.12805
9.090000,-0.152176
9.100000,-0.189011
9.110000,-0.210527
9.120000,-0.224362
9.130000,-0.249212
9.140000,-0.233352
9.150000,-0.119325
9.160000,0.0424058
9.170000,0.196403
9.180000,0.357994
9.190000,0.439194
9.200000,0.44893
9.210000,0.477741
9.220000,0.444105
9.230000,0.288573
9.240000,0.107663
9.250000,-0.0742564
9.260000,-0.248703
9.270000,-0.312686
9.280000,-0.307572
9.290000,-0.330266
9.300000,-0.374068
9.310000,-0.381935
9.320000,-0.340174
9.330000,-0.316954
9.340000,-0.315881
9.350000,-0.297895
9.360000,-0.297501
9.370000,-0.289531
9.380000,-0.200836
9.390000,-0.074446
9.400000,0.00883767
9.410000,0.0629966
9.420000,0.129287
9.430000,0.181704
9.440000,0.205189
9.450000,0.203622
9.460000,0.146747
9.470000,0.0466199
9.480000,-0.0416277
9.490000,-0.0931214
9.500000,-0.0968904
9.510000,-0.07656
9.520000,-0.0777792
9.530000,-0.102011
9.540000,-0.139737
9.550000,-0.164309
9.560000,-0.121978
9.570000,-0.0375569
9.580000,0.0135244
9.590000,0.0503314
9.600000,0.11045
9.610000,0.157213
9.620000,0.16921
9.630000,0.169785
9.640000,0.171445
9.650000,0.172165
9.660000,0.165191
9.670000,0.135762
9.680000,0.0845094
9.690000,0.0346468
9.700000,-0.0111368
9.710000,-0.0565947
9.720000,-0.0861162
9.730000,-0.10802
9.740000,-0.131255
9.750000,-0.150278
9.760000,-0.163829
9.770000,-0.165212
9.780000,-0.168684
9.790000,-0.193196
9.800000,-0.205867
9.810000,-0.159105
9.820000,-0.0672841
9.830000,0.0143417
9.840000,0.0742698
9.850000,0.156532
9.860000,0.276518
9.870000,0.344352
9.880000,0.293109
9.890000,0.208329
9.900000,0.148881
9.910000,0.0947577
9.920000,0.0554079
9.930000,0.0255912
9.940000,-0.0314089
9.950000,-0.118071
9.960000,-0.179125
9.970000,-0.194086
9.980000,-0.188615
9.990000,-0.179542
10.000000,-0.158668
10.010000,-0.098599
10.020000,-0.0432099
10.030000,-0.0374997
10.040000,-0.0377688
10.050000,-0.0128967
10.060000,0.0230051
10.070000,0.0490464
10.080000,0.0538848
10.090000,0.0576808
10.100000,0.0766999
10.110000,0.0659359
10.120000,0.0226041
10.130000,0.0066005
10.140000,-0.0308061
10.150000,-0.10798
10.160000,-0.125687
10.170000,-0.0964377
10.180000,-0.0965279
10.190000,-0.129155
10.200000,-0.161909
10.210000,-0.164803
10.220000,-0.14045
10.230000,-0.0840745
10.240000,-0.0147039
10.250000,0.0201155
10.260000,0.0759625
10.270000,0.154678
10.280000,0.18619
10.290000,0.198248
10.300000,0.202771
10.310000,0.187165
10.320000,0.166009
10.330000,0.140901
10.340000,0.111757
10.350000,0.0726771
10.360000,0.0346179
10.370000,0.0235421
10.380000,0.0211044
10.390000,0.00785896
10.400000,-0.015847
10.410000,-0.0536445
10.420000,-0.0786061
10.430000,-0.0939987
10.440000,-0.126377
10.450000,-0.150794
10.460000,-0.160872
10.470000,-0.16141
10.480000,-0.148337
10.490000,-0.141592
10.500000,-0.13525
10.510000,-0.110556
10.520000,-0.0812777
10.530000,-0.070104
10.540000,-0.0978748
10.550000,-0.143857
10.560000,-0.127402
10.570000,-0.0498871
10.580000,0.0100124
10.590000,0.0215365
10.600000,-0.030294
10.610000,-0.0897338
10.620000,-0.0940225
10.630000,-0.0620336
10.640000,0.000271343
10.650000,0.0530948
10.660000,0.0805832
10.670000,0.112281
10.680000,0.0977747
10.690000,0.0463265
10.700000,0.0446527
10.710000,0.0659225
10.720000,0.0486676
10.730000,0.0149318
10.740000,-0.0027007
10.750000,-0.0267019
10.760000,-0.0617769
10.770000,-0.07847
10.780000,-0.0942488
10.790000,-0.115308
10.800000,-0.113785
10.810000,-0.10243
10.820000,-0.113533
10.830000,-0.140348
10.840000,-0.106738
10.850000,0.00599316
10.860000,0.110018
10.870000,0.157271
10.880000,0.138732
10.890000,0.0963359
10.900000,0.102929
10.910000,0.128301
10.920000,0.111165
10.930000,0.0833356
10.940000,0.0860147
10.950000,0.107927
10.960000,0.133086
10.970000,0.143265
10.980000,0.120131
10.990000,0.0744648
11.000000,0.040743
11.010000,0.0427788
11.020000,0.0581898
11.030000,0.0654646
11.040000,0.0833061
11.050000,0.0947095
11.060000,0.0768982
11.070000,0.0577526
11.080000,0.0545558
11.090000,0.0555409
11.100000,0.044673
11.110000,0.0158942
11.120000,-0.0175504
11.130000,-0.0424491
11.140000,-0.0629301
11.150000,-0.0871206
11.160000,-0.111148
11.170000,-0.12376
11.180000,-0.125862
11.190000,-0.120608
11.200000,-0.0944407
11.210000,-0.0547281
11.220000,-0.0305418
11.230000,-0.0146333
11.240000,0.00222741
11.250000,0.00848063
11.260000,0.0155358
11.270000,0.0341572
11.280000,0.0559857
11.290000,0.0737558
11.300000,0.0866199
11.310000,0.0911059
11.320000,0.082715
11.330000,0.0738441
11.340000,0.0695942
11.350000,0.0600579
11.360000,0.0483448
11.370000,0.0326357
11.380000,0.00858903
11.390000,-0.0108976
11.400000,-0.0241116
11.410000,-0.0366743
11.420000,-0.0390935
11.430000,-0.0353444
11.440000,-0.040068
11.450000,-0.055987
11.460000,-0.0852403
11.470000,-0.109582
11.480000,-0.105589
11.490000,-0.0998118
11.500000,-0.111222
11.510000,-0.10389
11.520000,-0.0521632
11.530000,0.0109626
11.540000,0.0417513
11.550000,0.0624105
11.560000,0.0821268
11.570000,0.0689777
11.580000,0.0440209
11.590000,0.0327847
11.600000,0.0270078
11.610000,0.0201485
11.620000,0.00166412
11.630000,-0.0258384
11.640000,-0.0432928
11.650000,-0.0439338
11.660000,-0.026924
11.670000,-0.00741348
11.680000,0.00262875
11.690000,0.0171764
11.700000,0.0279666
11.710000,0.0243681
11.720000,0.0234339
11.730000,0.0187427
11.740000,-0.00122976
11.750000,-0.0161749
11.760000,-0.012472
11.770000,-0.00357146
11.780000,-0.00895023
11.790000,-0.0319756
11.800000,-0.0633723
11.810000,-0.0947954
11.820000,-0.0936227
11.830000,-0.0468371
11.840000,-0.0140676
11.850000,-0.00914326
11.860000,0.00762466
11.870000,0.0323252
11.880000,0.0393167
11.890000,0.0267835
11.900000,0.0225925
11.910000,0.0273485
11.920000,0.0186001
11.930000,0.00493017
11.940000,0.00529824
11.950000,0.0195784
11.960000,0.0289095
11.970000,0.026249
11.980000,0.0245693
11.990000,0.0245443
12.000000,0.0169746
12.010000,0.00521564
12.020000,-0.0065014
12.030000,-0.0208676
12.040000,-0.028569
12.050000,-0.0215623
12.060000,-0.0172262
12.070000,-0.0229601
12.080000,-0.0150846
12.090000,0.00582842
12.100000,0.0138218
12.110000,0.00817076
12.120000,0.00581397
12.130000,0.0121036
12.140000,0.0127494
12.150000,0.00257224
12.160000,-0.00596758
12.170000,-0.0116764
12.180000,-0.0128987
12.190000,-0.00833555
12.200000,-0.00860607
12.210000,-0.00964047
12.220000,-0.00604705
12.230000,-0.0075147
12.240000,-0.0128952
12.250000,-0.015701
12.260000,-0.0187853
12.270000,-0.0233041
12.280000,-0.0275657
12.290000,-0.0322627
12.300000,-0.0323727
12.310000,-0.026598
12.320000,-0.0225177
12.330000,-0.0160004
12.340000,-0.0112634
12.350000,-0.0177211
12.360000,-0.0215722
12.370000,-0.01703
12.380000,-0.0109453
12.390000,0.000754935
12.400000,0.0178049
12.410000,0.0291901
12.420000,0.0328262
12.430000,0.0380252
12.440000,0.0477524
12.450000,0.0569693
12.460000,0.0584281
12.470000,0.0416214
12.480000,0.0125526
12.490000,-0.00381391
12.500000,-0.00025982
12.510000,0.00798278
12.520000,0.010503
12.530000,0.0111985
12.540000,0.0162303
12.550000,0.0257407
12.560000,0.0318994
12.570000,0.0267635
12.580000,0.0208982
12.590000,0.0217892
12.600000,0.0179423
12.610000,0.00595495
12.620000,-0.0114901
12.630000,-0.0290258
12.640000,-0.0360808
12.650000,-0.034869
12.660000,-0.0300723
12.670000,-0.0243089
12.680000,-0.023097
12.690000,-0.026662
12.700000,-0.0327339
12.710000,-0.0352449
12.720000,-0.0343621
12.730000,-0.0347117
12.740000,-0.0259508
12.750000,0.00126282
12.760000,0.0323928
12.770000,0.0426441
12.780000,0.03456
12.790000,0.0282932
12.800000,0.0298022
12.810000,0.0402375
12.820000,0.0513003
12.830000,0.0434462
12.840000,0.0220882
12.850000,0.0125907
12.860000,0.0127607
12.870000,0.0107924
12.880000,0.0121717
12.890000,0.0135777
12.900000,0.00971711
12.910000,0.00664366
12.920000,0.00459602
12.930000,0.00278116
12.940000,0.00458711
12.950000,0.00671754
12.960000,0.00533176
12.970000,0.0021085
12.980000,0.000259714
12.990000,0.0044333
13.000000,0.0158862
13.010000,0.0342096
13.020000,0.037214
13.030000,0.00895196
13.040000,-0.0102906
13.050000,-0.0143508
13.060000,-0.0305308
13.070000,-0.0362502
13.080000,-0.027852
13.090000,-0.0297722
13.100000,-0.0302821
13.110000,-0.0207119
13.120000,-0.0108516
13.130000,-0.00192771
13.140000,0.00100489
13.150000,0.00160945
13.160000,0.00983322
13.170000,0.02466
13.180000,0.044529
13.190000,0.0578493
13.200000,0.0561369
13.210000,0.0482712
13.220000,0.0382283
13.230000,0.0283873
13.240000,0.0257475
13.250000,0.0281705
13.260000,0.0265459
13.270000,0.0206078
13.280000,0.0161979
13.290000,0.0120279
13.300000,0.00714359
13.310000,0.00723719
13.320000,0.0114191
13.330000,0.00973395
13.340000,0.00125007
13.350000,0.000565241
13.360000,0.00519965
13.370000,0.00162743
13.380000,0.00295346
13.390000,0.00947892
13.400000,0.00437531
13.410000,-0.00250644
13.420000,0.000120745
13.430000,0.00475134
13.440000,0.00677297
13.450000,0.0122243
13.460000,0.0200183
13.470000,0.0234326
13.480000,0.0249682
13.490000,0.024739
13.500000,0.0207535
13.510000,0.0166343
13.520000,0.0123524
13.530000,0.00748516
13.540000,0.00532481
13.550000,0.00789896
13.560000,0.0176722
13.570000,0.0273798
13.580000,0.0268178
13.590000,0.0188935
13.600000,0.00923127
13.610000,-8.24258e-05
13.620000,-0.00895982
13.630000,-0.0106537
13.640000,-0.00880631
13.650000,-0.0134709
13.660000,-0.0143942
13.670000,-0.0103202
13.680000,-0.00762009
13.690000,0.00149152
13.700000,0.0115115
13.710000,0.00757052
13.720000,-0.00269522
13.730000,-0.00905294
13.740000,-0.0142202
13.750000,-0.0165557
13.760000,-0.018299
13.770000,-0.0259109
13.780000,-0.0333769
13.790000,-0.033921
13.800000,-0.028851
13.810000,-0.0179202
13.820000,-0.00956548
13.830000,-0.00736023
13.840000,0.00553035
13.850000,0.0267778
13.860000,0.034827
13.870000,0.0262263
13.880000,0.0154207
13.890000,0.013011
13.900000,0.0143383
13.910000,0.00886268
13.920000,-0.00577492
13.930000,-0.0165882
13.940000,-0.016602
13.950000,-0.00858528
13.960000,0.00266763
13.970000,0.00284215
13.980000,-0.00562876
13.990000,-0.013296
14.000000,-0.0230104
14.010000,-0.0317834
14.020000,-0.0327804
14.030000,-0.0325657
14.040000,-0.0410107
14.050000,-0.0473643
14.060000,-0.0446325
14.070000,-0.0441544
14.080000,-0.0470613
14.090000,-0.0461948
14.100000,-0.0402171
14.110000,-0.0255036
14.120000,-0.00727578
14.130000,-0.00487973
14.140000,-0.0102318
14.150000,-0.000689457
14.160000,0.0123751
14.170000,0.01688
14.180000,0.0178681
14.190000,0.00549925
14.200000,-0.0180811
14.210000,-0.027796
14.220000,-0.0247762
14.230000,-0.0201927
14.240000,-0.0164379
14.250000,-0.0203717
14.260000,-0.0264316
14.270000,-0.0307385
14.280000,-0.0383909
14.290000,-0.0352164
14.300000,-0.0157288
14.310000,-0.0112514
14.320000,-0.0287022
14.330000,-0.042883
14.340000,-0.0482339
14.350000,-0.0451942
14.360000,-0.031116
14.370000,-0.0159795
14.380000,-0.00840627
14.390000,-0.000854105
14.400000,0.00813179
14.410000,0.00777017
14.420000,0.00136314
14.430000,-0.00132817
14.440000,0.000171755
14.450000,0.000326474
14.460000,-0.00811771
14.470000,-0.020947
14.480000,-0.0286159
14.490000,-0.026197
14.500000,-0.0123765
14.510000,0.000533733
14.520000,6.33141e-05
14.530000,-0.00557878
14.540000,-0.00404118
14.550000,0.00146524
14.560000,0.00245531
14.570000,-0.000400282
14.580000,-3.31708e-05
14.590000,0.00416687
14.600000,0.00605768
14.610000,0.00388124
14.620000,0.000842924
14.630000,-0.000585824
14.640000,-0.00308402
14.650000,-0.0095094
14.660000,-0.0119606
14.670000,-0.00747163
14.680000,-0.00773311
14.690000,-0.00848535
14.700000,-0.000599904
14.710000,0.00533809
14.720000,0.00363072
14.730000,-0.0078655
14.740000,-0.0215301
14.750000,-0.0214515
14.760000,-0.0168017
14.770000,-0.012871
14.780000,-0.00593119
14.790000,-0.00556796
14.800000,-0.00771906
14.810000,-0.00321746
14.820000,0.00172273
14.830000,0.00602646
14.840000,0.00919775
14.850000,0.00420461
14.860000,-0.00386871
14.870000,-0.00588031
14.880000,-0.0039993
14.890000,-0.0010254
14.900000,0.00402072
14.910000,-0.000524243
14.920000,-0.00936037
14.930000,-0.00568901
14.940000,-0.00260555
14.950000,-0.00207108
14.960000,-0.00114727
14.970000,-0.00808115
14.980000,-0.0154772
14.990000,-0.0186266
15.000000,-0.0178997
15.010000,-0.0131907
15.020000,-0.0105274
15.030000,-0.0107866
15.040000,-0.0120904
15.050000,-0.00965389
15.060000,0.00211625
15.070000,0.00667481
15.080000,-0.00128782
15.090000,-0.00187227
15.100000,0.0018248
15.110000,0.000848012
15.120000,0.000929625
15.130000,0.00205035
15.140000,0.00123128
15.150000,-0.00113277
15.160000,-0.00358308
15.170000,-0.00611089
15.180000,-0.00734522
15.190000,-0.00430063
15.200000,0.000132138
15.210000,0.000433896
15.220000,-0.00203464
15.230000,-0.000894289
15.240000,0.00345492
15.250000,0.00507581
15.260000,0.00345062
15.270000,0.00312366
15.280000,0.00586153
15.290000,0.00846006
15.300000,0.00990094
15.310000,0.00999533
15.320000,0.00834018
15.330000,0.00791147
15.340000,0.00846447
15.350000,0.0075156
15.360000,0.00624993
15.370000,0.00567147
15.380000,0.00685724
15.390000,0.00612816
15.400000,-0.00419904
15.410000,-0.0172922
15.420000,-0.0220589
15.430000,-0.0203291
15.440000,-0.0153034
15.450000,-0.0065373
15.460000,0.00242092
15.470000,0.0096907
15.480000,0.0159939
15.490000,0.0225794
15.500000,0.0327288
15.510000,0.0419814
15.520000,0.0394298
15.530000,0.0266995
15.540000,0.0180833
15.550000,0.0155038
15.560000,0.0150176
15.570000,0.0162998
15.580000,0.0173603
15.590000,0.0186225
15.600000,0.0162292
15.610000,0.00955922
15.620000,0.00819872
15.630000,0.0122938
15.640000,0.0137166
15.650000,0.0104445
15.660000,0.00403386
15.670000,0.000179636
15.680000,0.000900369
15.690000,-0.00170947
15.700000,-0.00274439
15.710000,0.00654701
15.720000,0.0154725
15.730000,0.0223347
15.740000,0.0344957
15.750000,0.0465879
15.760000,0.0529288
15.770000,0.0509501
15.780000,0.0406926
15.790000,0.0240117
15.800000,0.00848894
15.810000,0.000765498
15.820000,-0.00377821
15.830000,-0.00476096
15.840000,-0.00355441
15.850000,-0.00374307
15.860000,-0.00363976
15.870000,-0.0008467
15.880000,0.00565102
15.890000,0.0117738
15.900000,0.0162378
15.910000,0.0156199
15.920000,0.00958261
15.930000,0.00667761
15.940000,0.00589332
15.950000,0.00300476
15.960000,0.000141599
15.970000,0.000919979
15.980000,0.00670879
15.990000,0.0125848
16.000000,0.0178925
16.010000,0.0203179
16.020000,0.011338
16.030000,-0.00063983
16.040000,-0.00423717
16.050000,-0.00538059
16.060000,-0.00602463
16.070000,-0.0038987
16.080000,-0.0055018
16.090000,-0.00923106
16.100000,-0.00694812
16.110000,-0.00249398
16.120000,-0.000685058
16.130000,0.00195578
16.140000,0.00649495
16.150000,0.00920799
16.160000,0.00801921
16.170000,0.00423428
16.180000,-0.000238416
16.190000,-0.00537524
16.200000,-0.0121636
16.210000,-0.0187043
16.220000,-0.023682
16.230000,-0.0272375
16.240000,-0.0283644
16.250000,-0.029076
16.260000,-0.0307349
16.270000,-0.0312457
16.280000,-0.0292121
16.290000,-0.0256594
16.300000,-0.0175382
16.310000,-0.00295947
16.320000,0.0108912
16.330000,0.0225396
16.340000,0.0306274
16.350000,0.0305825
16.360000,0.0268204
16.370000,0.0240278
16.380000,0.0207784
16.390000,0.0132654
16.400000,0.00327255
16.410000,-0.00656114
16.420000,-0.0119387
16.430000,-0.0042774
16.440000,0.00508921
16.450000,0.00570869
16.460000,0.0095594
16.470000,0.0150684
16.480000,0.0118875
16.490000,0.00196596
16.500000,-0.0136267
16.510000,-0.0277109
16.520000,-0.0299918
16.530000,-0.0244681
16.540000,-0.022128
16.550000,-0.0257859
16.560000,-0.0274298
16.570000,-0.0225988
16.580000,-0.0116119
16.590000,-0.00219054
16.600000,-0.000450849
16.610000,-0.00146271
16.620000,-0.00492893
16.630000,-0.0110015
16.640000,-0.0135105
16.650000,-0.0114367
16.660000,-0.011984
16.670000,-0.0145709
16.680000,-0.0113477
16.690000,-0.00504978
16.700000,-0.00354409
16.710000,-0.00610599
16.720000,-0.00721309
16.730000,-0.00582355
16.740000,-0.00669032
16.750000,-0.0113925
16.760000,-0.0157067
16.770000,-0.0155076
16.780000,-0.0101341
16.790000,-0.00613976
16.800000,-0.00663274
16.810000,-0.00644577
16.820000,-0.00420246
16.830000,-0.00139904
16.840000,0.00148441
16.850000,0.00594265
16.860000,0.011879
16.870000,0.0151369
16.880000,0.0171742
16.890000,0.0200615
16.900000,0.0185383
16.910000,0.0140244
16.920000,0.0139444
16.930000,0.0160271
16.940000,0.0162527
16.950000,0.0172433
16.960000,0.0184527
16.970000,0.0169031
16.980000,0.0142087
16.990000,0.0142013
17.000000,0.0178648
17.010000,0.0223842
17.020000,0.0220041
17.030000,0.0121981
17.040000,-0.00274809
17.050000,-0.0166886
17.060000,-0.0246189
17.070000,-0.0221049
17.080000,-0.0157324
17.090000,-0.0130586
17.100000,-0.0125726
17.110000,-0.0092993
17.120000,-0.000468839
17.130000,0.00995294
17.140000,0.0141016
17.150000,0.0107541
17.160000,0.00455632
17.170000,-0.00941363
17.180000,-0.0258324
17.190000,-0.0284621
17.200000,-0.021713
17.210000,-0.0163021
17.220000,-0.0159988
17.230000,-0.0151864
17.240000,-0.00865277
17.250000,-0.00314914
17.260000,-0.000133207
17.270000,0.000315556
17.280000,-0.00107251
17.290000,-0.000223657
17.300000,-0.00335356
17.310000,-0.00810079
17.320000,-0.00393788
17.330000,0.00253252
17.340000,0.00152419
17.350000,-0.00414607
17.360000,-0.0059931
17.370000,-0.00201429
17.380000,-0.000546014
17.390000,-0.00578306
17.400000,-0.00930261
17.410000,-0.00674009
17.420000,-0.00487571
17.430000,-0.00667662
17.440000,-0.007864
17.450000,-0.00639629
17.460000,-0.0046621
17.470000,-0.0034391
17.480000,-0.00162722
17.490000,-0.00137233
17.500000,-0.00468771
17.510000,-0.00494711
17.520000,0.00559409
17.530000,0.0169142
17.540000,0.0128904
17.550000,0.00459895
17.560000,0.0101624
17.570000,0.0179337
17.580000,0.0140907
17.590000,0.00609139
17.600000,0.00572577
17.610000,0.0131275
17.620000,0.0183978
17.630000,0.0165429
17.640000,0.0095879
17.650000,0.00132763
17.660000,-0.000949703
17.670000,0.00736363
17.680000,0.0161021
17.690000,0.0128213
17.700000,0.0029479
17.710000,-0.00558735
17.720000,-0.0100901
17.730000,-0.00243722
17.740000,0.00616841
17.750000,0.00190802
17.760000,7.5681e-05
17.770000,0.00656723
17.780000,0.012156
17.790000,0.0171159
17.800000,0.0246472
17.810000,0.0292147
17.820000,0.01948
17.830000,-9.16546e-05
17.840000,-0.00418851
17.850000,0.00783137
17.860000,0.00647957
17.870000,-0.00658012
17.880000,-0.00802486
17.890000,0.00102045
17.900000,0.0112245
17.910000,0.0197885
17.920000,0.0172291
17.930000,0.00715915
17.940000,0.00339045
17.950000,0.00268583
17.960000,0.00379473
17.970000,0.00129868
17.980000,-0.0123566
17.990000,-0.0242546
18.000000,-0.0210547
18.010000,-0.00337077
18.020000,0.00810775
18.030000,-0.00125675
18.040000,-0.0111818
18.050000,-0.00838774
18.060000,-0.00466293
18.070000,-0.0044198
18.080000,-0.00443684
18.090000,-0.0070272
18.100000,-0.0115227
18.110000,-0.0148646
18.120000,-0.0136575
18.130000,-0.00631651
18.140000,-0.000891249
18.150000,-0.000738244
18.160000,0.00187562
18.170000,0.00837629
18.180000,0.0151546
18.190000,0.0220104
18.200000,0.0211956
18.210000,0.0101662
18.220000,-0.00040702
18.230000,-0.00645145
18.240000,-0.00980137
18.250000,-0.012779
18.260000,-0.0164707
18.270000,-0.0193729
18.280000,-0.0181202
18.290000,-0.0120619
18.300000,-0.00764124
18.310000,-0.00868023
18.320000,-0.01136
18.330000,-0.00925389
18.340000,-0.00282456
18.350000,0.00232748
18.360000,0.00971006
18.370000,0.0217185
18.380000,0.0289696
18.390000,0.0299047
18.400000,0.032743
18.410000,0.0365163
18.420000,0.0355037
18.430000,0.0293703
18.440000,0.0198846
18.450000,0.00946874
18.460000,-0.00110915
18.470000,-0.0115107
18.480000,-0.012936
18.490000,-0.00540488
18.500000,-0.00515734
18.510000,-0.0115002
18.520000,-0.0135956
18.530000,-0.0120498
18.540000,-0.00590141
18.550000,0.00480461
18.560000,0.0092495
18.570000,0.00294315
18.580000,-0.00426861
18.590000,-0.00627602
18.600000,-0.00370946
18.610000,-0.000779857
18.620000,-0.00106614
18.630000,-0.000646934
18.640000,0.00326679
18.650000,0.00706656
18.660000,0.00797017
18.670000,0.00862447
18.680000,0.00961387
18.690000,0.010167
18.700000,0.0127137
18.710000,0.016667
18.720000,0.0202209
18.730000,0.0242379
18.740000,0.0279158
18.750000,0.0273373
18.760000,0.021229
18.770000,0.0147592
18.780000,0.0114377
18.790000,0.00730199
18.800000,-0.00190726
18.810000,-0.0148207
18.820000,-0.0218291
18.830000,-0.0193287
18.840000,-0.0167834
18.850000,-0.0151565
18.860000,-0.0114228
18.870000,-0.00912139
18.880000,-0.00761622
18.890000,-0.00430299
18.900000,-0.00113187
18.910000,-0.00302493
18.920000,-0.00900182
18.930000,-0.0192145
18.940000,-0.0316071
18.950000,-0.0347411
18.960000,-0.0340529
18.970000,-0.0339234
18.980000,-0.0295541
18.990000,-0.0265846
19.000000,-0.0249878
19.010000,-0.0235246
19.020000,-0.0201899
19.030000,-0.0107939
19.040000,0.00136472
19.050000,0.0163834
19.060000,0.0335399
19.070000,0.0431559
19.080000,0.0425156
19.090000,0.0450229
19.100000,0.0539928
19.110000,0.0517906
19.120000,0.0312599
19.130000,0.00409464
19.140000,-0.0191868
19.150000,-0.0365451
19.160000,-0.0440903
19.170000,-0.0431498
19.180000,-0.0445319
19.190000,-0.040923
19.200000,-0.0264911
19.210000,-0.018596
19.220000,-0.0160185
19.230000,-0.0048308
19.240000,0.00697818
19.250000,0.0137421
19.260000,0.0204575
19.270000,0.0208814
19.280000,0.0138741
19.290000,0.012481
19.300000,0.015295
19.310000,0.0101039
19.320000,0.000866898
19.330000,-0.00557071
19.340000,-0.0093499
19.350000,-0.00634087
19.360000,-5.12088e-05
19.370000,-0.000381054
19.380000,-0.00940573
19.390000,-0.0190682
19.400000,-0.0206109
19.410000,-0.0183019
19.420000,-0.0155012
19.430000,-0.00982125
19.440000,-0.00404451
19.450000,0.000527786
19.460000,0.00617919
19.470000,0.0100017
19.480000,0.0110782
19.490000,0.0155724
19.500000,0.0243321
19.510000,0.0321302
19.520000,0.0323372
19.530000,0.0242233
19.540000,0.0151278
19.550000,0.00751305
19.560000,0.000309558
19.570000,-0.00397747
19.580000,-0.00561879
19.590000,-0.00908222
19.600000,-0.015939
19.610000,-0.0219542
19.620000,-0.0244505
19.630000,-0.0268555
19.640000,-0.0277135
19.650000,-0.0214312
19.660000,-0.0125998
19.670000,-0.00657157
19.680000,0.000860773
19.690000,0.00938179
19.700000,0.0127377
19.710000,0.0127518
19.720000,0.0147585
19.730000,0.015555
19.740000,0.0108143
19.750000,0.0038218
19.760000,0.00266661
19.770000,0.00916875
19.780000,0.0125177
19.790000,0.00687703
19.800000,-0.000821318
19.810000,-0.00486659
19.820000,-0.004658
19.830000,-0.00443687
19.840000,-0.0105165
19.850000,-0.0201801
19.860000,-0.0243415
19.870000,-0.0194789
19.880000,-0.0099767
19.890000,-0.00107904
19.900000,-0.000642477
19.910000,-0.00967523
19.920000,-0.015326
19.930000,-0.0167106
19.940000,-0.0146915
19.950000,-0.00687813
19.960000,-0.00188895
19.970000,0.00135683
19.980000,0.00789448
19.990000,0.0147633
20.000000,0.018529
20.010000,0.0173141
20.020000,0.0141513
20.030000,0.00661592
20.040000,-0.00578535
20.050000,-0.0121617
20.060000,-0.0151383
20.070000,-0.0219041
20.080000,-0.0251613
20.090000,-0.0227207
20.100000,-0.0212697
20.110000,-0.0195176
20.120000,-0.013814
20.130000,-0.00815454
20.140000,-0.00322162
20.150000,0.00522911
20.160000,0.0164195
20.170000,0.0245309
20.180000,0.0236316
20.190000,0.0185343
20.200000,0.0167689
20.210000,0.0198724
20.220000,0.0256565
20.230000,0.0249068
20.240000,0.00709614
20.250000,-0.0201857
20.260000,-0.029318
20.270000,-0.0215606
20.280000,-0.0193044
20.290000,-0.0226827
20.300000,-0.0251184
20.310000,-0.026343
20.320000,-0.022202
20.330000,-0.00944971
20.340000,-0.00133606
20.350000,-0.00636294
20.360000,-0.0135657
20.370000,-0.0151148
20.380000,-0.00550415
20.390000,0.0111932
20.400000,0.0157103
20.410000,0.0106319
20.420000,0.0105988
20.430000,0.0133716
20.440000,0.0151851
20.450000,0.0171707
20.460000,0.0198524
20.470000,0.023189
20.480000,0.0237675
20.490000,0.0193818
20.500000,0.0144316
20.510000,0.0116145
20.520000,0.012838
20.530000,0.0147495
20.540000,0.0089183
20.550000,0.00131042
20.560000,-0.00232655
20.570000,-0.00741604
20.580000,-0.013612
20.590000,-0.0178659
20.600000,-0.0220181
20.610000,-0.0282257
20.620000,-0.0362773
20.630000,-0.0393763
20.640000,-0.0325421
20.650000,-0.0225431
20.660000,-0.0106394
20.670000,0.00683559
20.680000,0.02294
20.690000,0.0300988
20.700000,0.0315198
20.710000,0.0332707
20.720000,0.033544
20.730000,0.023882
20.740000,0.0106514
20.750000,0.00809393
20.760000,0.00757578
20.770000,0.00273592
20.780000,-0.001953
20.790000,-0.01021
20.800000,-0.0159854
20.810000,-0.012359
20.820000,-0.0090581
20.830000,-0.0109774
20.840000,-0.0122212
20.850000,-0.00706519
20.860000,0.00317114
20.870000,0.0124743
20.880000,0.0157502
20.890000,0.010155
20.900000,0.00133526
20.910000,-0.00552532
20.920000,-0.0083705
20.930000,-0.00759416
20.940000,-0.0105246
20.950000,-0.0174011
20.960000,-0.020621
20.970000,-0.0172054
20.980000,-0.0117524
20.990000,-0.00873156
21.000000,-0.00916126
21.010000,-0.0108438
21.020000,-0.00623642
21.030000,0.0022981
21.040000,0.0076134
21.050000,0.0106322
21.060000,0.0112187
21.070000,0.0114081
21.080000,0.0139432
21.090000,0.014326
21.100000,0.00865245
21.110000,0.000935184
21.120000,-0.00232378
21.130000,0.00252005
21.140000,0.0109189
21.150000,0.0153212
21.160000,0.0167995
21.170000,0.018522
21.180000,0.02033
21.190000,0.0217845
21.200000,0.0238565
21.210000,0.0256496
21.220000,0.0223998
21.230000,0.0152759
21.240000,0.00891666
21.250000,0.002539
21.260000,-0.00179785
21.270000,-0.00278653
21.280000,-0.00451857
21.290000,-0.00685253
21.300000,-0.00887016
21.310000,-0.0101472
21.320000,-0.00821319
21.330000,-0.00624551
21.340000,-0.00788619
21.350000,-0.00898077
21.360000,-0.00602998
21.370000,-0.00198137
21.380000,8.33924e-05
21.390000,0.00174047
21.400000,0.00538829
21.410000,0.0111242
21.420000,0.0162672
21.430000,0.0189904
21.440000,0.0219212
21.450000,0.0253816
21.460000,0.0250962
21.470000,0.0208681
21.480000,0.0164009
21.490000,0.0115352
21.500000,0.00518416
21.510000,-0.000889502
21.520000,-0.002302
21.530000,0.00232916
21.540000,0.00425856
21.550000,0.000996963
21.560000,0.00287367
21.570000,0.00991257
21.580000,0.0133184
21.590000,0.0117936
21.600000,0.00780647
21.610000,0.00381522
21.620000,-0.000936795
21.630000,-0.00870214
21.640000,-0.0133007
21.650000,-0.00950104
21.660000,-0.00436039
21.670000,-0.000890471
21.680000,0.00513214
21.690000,0.0104664
21.700000,0.0132787
21.710000,0.0174639
21.720000,0.0209229
21.730000,0.0187259
21.740000,0.0132702
21.750000,0.0113975
21.760000,0.0156998
21.770000,0.0230564
21.780000,0.0260221
21.790000,0.0176052
21.800000,0.00296552
21.810000,-0.00199102
21.820000,0.00434332
21.830000,0.00925695
21.840000,0.0103289
21.850000,0.00978162
21.860000,0.00756964
21.870000,0.00426012
21.880000,-0.00055185
21.890000,-0.00367134
21.900000,-0.0059952
21.910000,-0.0103962
21.920000,-0.0119488
21.930000,-0.00657782
21.940000,0.00286822
21.950000,0.00942966
21.960000,0.0134685
21.970000,0.0203247
21.980000,0.0272388
21.990000,0.0267682
22.000000,0.020245
22.010000,0.0141683
22.020000,0.00553135
22.030000,-0.0066835
22.040000,-0.0191458
22.050000,-0.0253355
22.060000,-0.0174896
22.070000,-0.0109675
22.080000,-0.0162925
22.090000,-0.0171966
22.100000,-0.0100734
22.110000,-0.00513909
22.120000,-0.00311473
22.130000,-0.000459813
22.140000,0.00183861
22.150000,-0.000240968
22.160000,-0.004811
22.170000,-0.00460265
22.180000,-0.000170209
22.190000,0.00231781
22.200000,0.00155661
22.210000,0.00015407
22.220000,-3.33481e-05
22.230000,0.00207536
22.240000,0.00429152
22.250000,-0.000240349
22.260000,-0.00895708
22.270000,-0.0124603
22.280000,-0.0134459
22.290000,-0.0152758
22.300000,-0.0146934
22.310000,-0.0153634
22.320000,-0.0172322
22.330000,-0.0149548
22.340000,-0.0120778
22.350000,-0.00944888
22.360000,-0.00327358
22.370000,0.00493271
22.380000,0.0109042
22.390000,0.0119253
22.400000,0.0102643
22.410000,0.00711738
22.420000,0.0012676
22.430000,-0.00585381
22.440000,-0.0107332
22.450000,-0.00735545
22.460000,0.00107604
22.470000,0.00230552
22.480000,-0.00213049
22.490000,-0.00260907
22.500000,-4.10859e-05
22.510000,0.000717344
22.520000,0.000172237
22.530000,-3.16738e-05
22.540000,0.000647154
22.550000,0.00319073
22.560000,0.00629256
22.570000,0.00660437
22.580000,0.00325474
22.590000,-0.000628263
22.600000,-0.00317584
22.610000,-0.0046936
22.620000,-0.00552983
22.630000,-0.00679745
22.640000,-0.00873313
22.650000,-0.0109643
22.660000,-0.0136919
22.670000,-0.0158783
22.680000,-0.0141863
22.690000,-0.0106033
22.700000,-0.0125751
22.710000,-0.0180088
22.720000,-0.0221796
22.730000,-0.0232803
22.740000,-0.0173256
22.750000,-0.00919563
22.760000,-0.00458817
22.770000,-0.00190041
22.780000,0.000476878
22.790000,0.00448153
22.800000,0.00995043
22.810000,0.0106365
22.820000,0.00513607
22.830000,-0.000772537
22.840000,-0.00723627
22.850000,-0.0103883
22.860000,-0.00644048
22.870000,-0.00414453
22.880000,-0.0070393
22.890000,-0.0109982
22.900000,-0.0170904
22.910000,-0.022313
22.920000,-0.0157787
22.930000,-0.0041754
22.940000,-0.00296007
22.950000,-0.00661865
22.960000,-0.00583951
22.970000,-0.00372647
22.980000,-0.00348652
22.990000,-0.00632796
23.000000,-0.0120771
23.010000,-0.0172195
23.020000,-0.0217613
23.030000,-0.0277581
23.040000,-0.0291474
23.050000,-0.0210138
23.060000,-0.0125436
23.070000,-0.00996694
23.080000,-0.00813028
23.090000,-0.0050586
23.100000,-0.00148678
23.110000,0.00554683
23.120000,0.013575
23.130000,0.0149577
23.140000,0.0116798
23.150000,0.0112871
23.160000,0.0147406
23.170000,0.0189701
23.180000,0.0221922
23.190000,0.0241756
23.200000,0.0234814
23.210000,0.0205551
23.220000,0.015074
23.230000,0.00568119
23.240000,-0.00332277
23.250000,-0.0130337
23.260000,-0.025463
23.270000,-0.0339794
23.280000,-0.0383983
23.290000,-0.0438543
23.300000,-0.0481416
23.310000,-0.048539
23.320000,-0.0456638
23.330000,-0.0358511
23.340000,-0.020763
23.350000,-0.0102271
23.360000,-0.00340308
23.370000,0.00434395
23.380000,0.0110015
23.390000,0.0174572
23.400000,0.02164
23.410000,0.0200938
23.420000,0.0195913
23.430000,0.021864
23.440000,0.0207017
23.450000,0.0183521
23.460000,0.0171715
23.470000,0.0135935
23.480000,0.00878798
23.490000,0.0045477
23.500000,0.0012254
23.510000,0.0012516
23.520000,0.00259443
23.530000,0.00290556
23.540000,0.00287046
23.550000,0.0018451
23.560000,0.000432796
23.570000,0.00041539
23.580000,0.00171881
23.590000,0.00332749
23.600000,0.00576303
23.610000,0.00877848
23.620000,0.0113762
23.630000,0.0127519
23.640000,0.010344
23.650000,0.00572087
23.660000,0.000208841
23.670000,-0.00639808
23.680000,-0.00930581
23.690000,-0.0091617
23.700000,-0.00938929
23.710000,-0.00925527
23.720000,-0.00805414
23.730000,-0.00422702
23.740000,0.00102267
23.750000,0.00535741
23.760000,0.0103094
23.770000,0.0152867
23.780000,0.016115
23.790000,0.0117436
23.800000,0.00632801
23.810000,0.00310639
23.820000,-0.000291141
23.830000,-0.00230092
23.840000,0.000770869
23.850000,0.00236
23.860000,-4.38467e-05
23.870000,0.000356464
23.880000,0.00337697
23.890000,0.00544209
23.900000,0.00700939
23.910000,0.00760764
23.920000,0.00765404
23.930000,0.00872384
23.940000,0.00855217
23.950000,0.00642085
23.960000,0.00492662
23.970000,0.00417933
23.980000,0.00360382
23.990000,0.00349587
24.000000,0.00355543
24.010000,0.00430008
24.020000,0.00630197
24.030000,0.00848665
24.040000,0.00843847
24.050000,0.00623215
24.060000,0.00475765
24.070000,0.00444028
24.080000,0.00417556
24.090000,0.0035177
24.100000,0.00233036
24.110000,0.00234596
24.120000,0.00517692
24.130000,0.00907661
24.140000,0.0128156
24.150000,0.0147472
24.160000,0.0131604
24.170000,0.0111059
24.180000,0.0111298
24.190000,0.0128933
24.200000,0.0134865
24.210000,0.0115729
24.220000,0.0100316
24.230000,0.00939127
24.240000,0.00964291
24.250000,0.0106839
24.260000,0.0103461
24.270000,0.00679138
24.280000,0.000625721
24.290000,-0.00296373
24.300000,-0.00236053
24.310000,-0.00161397
24.320000,-0.00185803
24.330000,-0.00389788
24.340000,-0.00785107
24.350000,-0.00955898
24.360000,-0.00878271
24.370000,-0.00599036
24.380000,0.000730752
24.390000,0.00619134
24.400000,0.00627855
24.410000,0.00584716
24.420000,0.00899493
24.430000,0.0132076
24.440000,0.0165116
24.450000,0.0184096
24.460000,0.0149958
24.470000,0.00793987
24.480000,0.00622731
24.490000,0.0101694
24.500000,0.0124208
24.510000,0.0135885
24.520000,0.0168758
24.530000,0.0163805
24.540000,0.00715613
24.550000,-0.00155175
24.560000,-0.00397085
24.570000,-0.0084574
24.580000,-0.0180425
24.590000,-0.0291838
24.600000,-0.0344158
24.610000,-0.0285878
24.620000,-0.0240729
24.630000,-0.0267333
24.640000,-0.0247829
24.650000,-0.0138973
24.660000,-0.000476312
24.670000,0.00759975
24.680000,0.010939
24.690000,0.0144354
24.700000,0.0176507
24.710000,0.020317
24.720000,0.0202501
24.730000,0.0159091
24.740000,0.0117013
24.750000,0.00952497
24.760000,0.00757568
24.770000,0.00407782
24.780000,-0.0005821
24.790000,-0.00383875
24.800000,-0.00613691
24.810000,-0.00916994
24.820000,-0.0124859
24.830000,-0.0157917
24.840000,-0.019183
24.850000,-0.0224497
24.860000,-0.025669
24.870000,-0.0260885
24.880000,-0.0218914
24.890000,-0.0177429
24.900000,-0.0141284
24.910000,-0.00755096
24.920000,-0.000762927
24.930000,0.00375531
24.940000,0.00676117
24.950000,0.00648556
24.960000,0.00323426
24.970000,0.00132086
24.980000,0.00194021
24.990000,0.00247375
25.000000,0.000986767
25.010000,-0.00143097
25.020000,-0.0020708
25.030000,0.000869156
25.040000,0.00546025
25.050000,0.0075053
25.060000,0.00687012
25.070000,0.00480488
25.080000,0.000244224
25.090000,-0.0051976
25.100000,-0.0105753
25.110000,-0.0156435
25.120000,-0.0152955
25.130000,-0.011299
25.140000,-0.010695
25.150000,-0.0109371
25.160000,-0.0082649
25.170000,-0.00297121
25.180000,0.00472181
25.190000,0.00910387
25.200000,0.0051362
25.210000,-0.00178429
25.220000,-0.00532262
25.230000,-0.00620179
25.240000,-0.00779101
25.250000,-0.0104591
25.260000,-0.0107509
25.270000,-0.00762513
25.280000,-0.00254245
25.290000,0.00601333
25.300000,0.0112254
25.310000,0.0081707
25.320000,0.00669461
25.330000,0.00802289
25.340000,0.00841175
25.350000,0.00806438
25.360000,0.00427056
25.370000,-0.00324058
25.380000,-0.0101075
25.390000,-0.00965231
25.400000,-0.00390947
25.410000,-0.00274114
25.420000,-0.00548889
25.430000,-0.00643142
25.440000,-0.00435567
25.450000,0.000352306
25.460000,0.00540619
25.470000,0.00894172
25.480000,0.00831297
25.490000,0.00603393
25.500000,0.0087121
25.510000,0.0126767
25.520000,0.0142596
25.530000,0.0150594
25.540000,0.0134567
25.550000,0.0108626
25.560000,0.00869308
25.570000,0.00509397
25.580000,0.00122386
25.590000,-0.00204078
25.600000,-0.00593052
25.610000,-0.00886609
25.620000,-0.00637507
25.630000,-0.000647387
25.640000,0.00275307
25.650000,0.00627279
25.660000,0.00945863
25.670000,0.00858654
25.680000,0.00741458
25.690000,0.00744419
25.700000,0.00636647
25.710000,0.00515638
25.720000,0.00438599
25.730000,0.00339054
25.740000,0.00414016
25.750000,0.00736106
25.760000,0.007949
25.770000,0.00457268
25.780000,0.00213522
25.790000,0.00168747
25.800000,0.00184843
25.810000,0.00255133
25.820000,0.00371805
25.830000,0.00479924
25.840000,0.00469938
25.850000,0.00365686
25.860000,0.00346015
25.870000,0.0044813
25.880000,0.00555897
25.890000,0.00629254
25.900000,0.00712301
25.910000,0.00727705
25.920000,0.00561083
25.930000,0.00311365
25.940000,0.00107917
25.950000,0.000659658
25.960000,0.0014319
25.970000,6.8356e-05
25.980000,-0.00307481
25.990000,-0.00555587
26.000000,-0.00635633
26.010000,-0.00448701
26.020000,-0.00230962
26.030000,-0.000971827
26.040000,0.000990761
26.050000,0.00267468
26.060000,0.00387599
26.070000,0.00583895
26.080000,0.00633597
26.090000,0.00297366
26.100000,-0.00103063
26.110000,-0.00413783
26.120000,-0.00743694
26.130000,-0.00809562
26.140000,-0.00635078
26.150000,-0.00547354
26.160000,-0.00402212
26.170000,-0.00139601
26.180000,0.000882408
26.190000,0.00334722
26.200000,0.00482793
26.210000,0.00368735
26.220000,0.00137398
26.230000,-0.00145236
26.240000,-0.00495915
26.250000,-0.00703981
26.260000,-0.00598919
26.270000,-0.00407062
26.280000,-0.00319516
26.290000,-0.00270262
26.300000,-0.0026298
26.310000,-0.00248644
26.320000,-0.000423457
26.330000,0.00403449
26.340000,0.00656516
26.350000,0.00216591
26.360000,-0.00545672
26.370000,-0.0104636
26.380000,-0.0120704
26.390000,-0.0101049
26.400000,-0.00714058
26.410000,-0.00497018
26.420000,-0.00186512
26.430000,0.00120096
26.440000,0.00282413
26.450000,0.0042428
26.460000,0.00622884
26.470000,0.0082102
26.480000,0.00847028
26.490000,0.00625931
26.500000,0.00397621
26.510000,0.00206469
26.520000,-0.000955668
26.530000,-0.0043728
26.540000,-0.00589888
26.550000,-0.00350342
26.560000,0.000253736
26.570000,0.000688192
26.580000,-0.00106563
26.590000,-0.00182514
26.600000,-0.0023308
26.610000,-0.00366467
26.620000,-0.00580596
26.630000,-0.00853534
26.640000,-0.0112793
26.650000,-0.0138811
26.660000,-0.0148867
26.670000,-0.0129047
26.680000,-0.00936463
26.690000,-0.00634522
26.700000,-0.00419307
26.710000,-0.0015838
26.720000,0.000643202
26.730000,8.58005e-05
26.740000,0.000203446
26.750000,0.00333351
26.760000,0.00437288
26.770000,0.00289025
26.780000,0.00225467
26.790000,0.00193629
26.800000,0.00105398
26.810000,-2.71726e-05
26.820000,-0.000402943
26.830000,-9.98658e-05
26.840000,-0.000869307
26.850000,-0.00299762
26.860000,-0.00496519
26.870000,-0.0068361
26.880000,-0.00920806
26.890000,-0.0104222
26.900000,-0.00979047
26.910000,-0.00936715
26.920000,-0.0097307
26.930000,-0.0102136
26.940000,-0.0103946
26.950000,-0.00856812
26.960000,-0.00511864
26.970000,-0.00251274
26.980000,-0.00164791
26.990000,-0.00239993
27.000000,-0.00266375
27.010000,-0.00119872
27.020000,-0.000837868
27.030000,-0.00246999
27.040000,-0.00351734
27.050000,-0.00400164
27.060000,-0.00388471
27.070000,-0.00211323
27.080000,-0.000369545
27.090000,0.000872751
27.100000,0.00243872
27.110000,0.0039947
27.120000,0.00543143
27.130000,0.0055991
27.140000,0.00377252
27.150000,0.00249221
27.160000,0.00313299
27.170000,0.00414836
27.180000,0.00457308
27.190000,0.0033319
27.200000,0.00010422
27.210000,-0.00234531
27.220000,-0.00247149
27.230000,-0.00206772
27.240000,-0.0024187
27.250000,-0.00305806
27.260000,-0.00335156
27.270000,-0.0024798
27.280000,-0.00111844
27.290000,-0.00158533
27.300000,-0.00313861
27.310000,-0.00394368
27.320000,-0.0051583
27.330000,-0.00531995
27.340000,-0.00172643
27.350000,0.00183507
27.360000,0.00352976
27.370000,0.00529824
27.380000,0.0055252
27.390000,0.00488516
27.400000,0.00478445
27.410000,0.00367472
27.420000,0.00208012
27.430000,0.0011014
27.440000,0.000791284
27.450000,0.000622193
27.460000,-0.000692937
27.470000,-0.00207403
27.480000,-6.51767e-05
27.490000,0.00323179
27.500000,0.000402174
27.510000,-0.00655519
27.520000,-0.0102494
27.530000,-0.00927269
27.540000,-0.00543895
27.550000,-0.00276628
27.560000,-0.00332313
27.570000,-0.00484418
27.580000,-0.00301911
27.590000,0.00442592
27.600000,0.0129104
27.610000,0.0172418
27.620000,0.0192612
27.630000,0.0202216
27.640000,0.018598
27.650000,0.0149448
27.660000,0.0101337
27.670000,0.0053882
27.680000,0.0013482
27.690000,-0.00199437
27.700000,-0.00527971
27.710000,-0.00737594
27.720000,-0.00640532
27.730000,-0.00573844
27.740000,-0.00745067
27.750000,-0.00770157
27.760000,-0.00558686
27.770000,-0.00574389
27.780000,-0.00782646
27.790000,-0.0057481
27.800000,-0.000978503
27.810000,0.00150979
27.820000,0.00369453
27.830000,0.00693742
27.840000,0.0100282
27.850000,0.0123938
27.860000,0.011509
27.870000,0.00822799
27.880000,0.00603687
27.890000,0.00378281
27.900000,0.000622412
27.910000,-0.00203839
27.920000,-0.00337454
27.930000,-0.00371806
27.940000,-0.00443445
27.950000,-0.00562891
27.960000,-0.00720988
27.970000,-0.00931658
27.980000,-0.0113208
27.990000,-0.0111771
28.000000,-0.00837307
28.010000,-0.00621689
28.020000,-0.00521074
28.030000,-0.00339133
28.040000,-0.00117835
28.050000,-0.000537502
28.060000,-0.00215028
28.070000,-0.00330345
28.080000,-0.00300593
28.090000,-0.00335974
28.100000,-0.00468194
28.110000,-0.00619892
28.120000,-0.00805264
28.130000,-0.00701374
28.140000,-0.000293012
28.150000,0.00647362
28.160000,0.00750361
28.170000,0.00477169
28.180000,0.00276172
28.190000,0.00207898
28.200000,0.00272615
28.210000,0.00342842
28.220000,0.00134191
28.230000,-0.00145611
28.240000,-0.00357797
28.250000,-0.00552015
28.260000,-0.0035894
28.270000,0.00171283
28.280000,0.00546621
28.290000,0.00549307
28.300000,0.0018798
28.310000,-0.00148283
28.320000,-0.00312277
28.330000,-0.00516458
28.340000,-0.00737188
28.350000,-0.00972406
28.360000,-0.013518
28.370000,-0.0155464
28.380000,-0.0111675
28.390000,-0.00523322
28.400000,-0.00281727
28.410000,-0.000181559
28.420000,0.00477147
28.430000,0.00964337
28.440000,0.0102885
28.450000,0.00692619
28.460000,0.00530299
28.470000,0.00522938
28.480000,0.00370888
28.490000,0.00137403
28.500000,-0.00120296
28.510000,-0.0040494
28.520000,-0.00502945
28.530000,-0.00265193
28.540000,5.72034e-05
28.550000,0.00158957
28.560000,0.00156188
28.570000,-0.000418567
28.580000,-0.00143397
28.590000,-0.00134753
28.600000,-0.00183956
28.610000,-0.00140525
28.620000,9.22931e-05
28.630000,0.00122642
28.640000,0.00229691
28.650000,0.00221789
28.660000,0.000522204
28.670000,0.000602668
28.680000,0.00329223
28.690000,0.0058325
28.700000,0.00579741
28.710000,0.00384781
28.720000,0.00289238
28.730000,0.00223049
28.740000,-0.000261371
28.750000,-0.00300571
28.760000,-0.00364443
28.770000,-0.003739
28.780000,-0.00471299
28.790000,-0.00458134
28.800000,-0.0033256
28.810000,-0.00254561
28.820000,-0.00136901
28.830000,0.000737301
28.840000,0.00141465
28.850000,5.07552e-05
28.860000,-0.000231968
28.870000,0.00168842
28.880000,0.00413801
28.890000,0.00604864
28.900000,0.00698397
28.910000,0.00711396
28.920000,0.00600064
28.930000,0.00324117
28.940000,0.0007713
28.950000,-4.04344e-05
28.960000,-0.00169703
28.970000,-0.00538671
28.980000,-0.00832794
28.990000,-0.0104878
29.000000,-0.0114208
29.010000,-0.00808521
29.020000,-0.00311234
29.030000,-0.00017885
29.040000,-0.000478219
29.050000,-0.00442999
29.060000,-0.00551163
29.070000,0.000451271
29.080000,0.0114314
29.090000,0.0201252
29.100000,0.0134686
29.110000,-0.00378099
29.120000,-0.0136188
29.130000,-0.0118861
29.140000,-0.0059015
29.150000,-0.00281718
29.160000,-0.00317304
29.170000,-0.00232439
29.180000,-0.000589964
29.190000,-0.000615479
29.200000,-0.00213051
29.210000,-0.00333885
29.220000,0.000156801
29.230000,0.00402494
29.240000,-0.000790125
29.250000,-0.00827692
29.260000,-0.00955452
29.270000,-0.00470282
29.280000,0.00272084
29.290000,0.0098037
29.300000,0.0124804
29.310000,0.00742952
29.320000,0.00452631
29.330000,0.0100943
29.340000,0.0135156
29.350000,0.00931138
29.360000,0.00109128
29.370000,-0.00670811
29.380000,-0.00871246
29.390000,-0.00553791
29.400000,-0.00187372
29.410000,-0.00102993
29.420000,-0.00301752
29.430000,-0.00253609
29.440000,9.89251e-05
29.450000,6.13745e-05
29.460000,-0.00191515
29.470000,-0.00403847
29.480000,-0.00623963
29.490000,-0.0077807
29.500000,-0.00678799
29.510000,-0.00327933
29.520000,-0.000109883
29.530000,0.00103988
29.540000,0.000862303
29.550000,0.00169524
29.560000,0.00479416
29.570000,0.00829224
29.580000,0.0104046
29.590000,0.00945275
29.600000,0.00504346
29.610000,0.00218184
29.620000,0.00364222
29.630000,0.00420571
29.640000,0.00179474
29.650000,0.000636034
29.660000,0.0016886
29.670000,0.00360099
29.680000,0.00660412
29.690000,0.00709261
29.700000,0.00385921
29.710000,0.00237069
29.720000,0.00144504
29.730000,-0.00131578
29.740000,-0.00238147
29.750000,-0.00175846
29.760000,-0.00207886
29.770000,-0.00276162
29.780000,-0.00303287
29.790000,-0.00325459
29.800000,-0.00133789
29.810000,0.00364087
29.820000,0.00764016
29.830000,0.0078772
29.840000,0.0066539
29.850000,0.0057077
29.860000,0.00352795
29.870000,-0.000156715
29.880000,-0.0040745
29.890000,-0.00607657
29.900000,-0.0042313
29.910000,-0.00141266
29.920000,0.000419587
29.930000,0.0032515
29.940000,0.00618431
29.950000,0.00686312
29.960000,0.00575978
29.970000,0.00406062
29.980000,0.0017085
29.990000,-0.000426019
30.000000,-0.000168168
30.010000,0.00174499
30.020000,0.00382886
30.030000,0.00729488
30.040000,0.0107879
30.050000,0.010002
30.060000,0.00640212
30.070000,0.00566674
30.080000,0.00573186
30.090000,0.00317544
30.100000,0.00068322
30.110000,0.000191247
30.120000,0.00173301
30.130000,0.00302628
30.140000,0.00217843
30.150000,0.00174939
30.160000,0.00314996
30.170000,0.00417021
30.180000,0.00340324
30.190000,0.00200478
30.200000,0.000528662
30.210000,-0.00219003
30.220000,-0.00533437
30.230000,-0.00805134
30.240000,-0.009553
30.250000,-0.00808737
30.260000,-0.00568122
30.270000,-0.00332848
30.280000,0.0010124
30.290000,0.00613326
30.300000,0.0106919
30.310000,0.0132319
30.320000,0.0112923
30.330000,0.00645476
30.340000,0.00177353
30.350000,-0.00128456
30.360000,-0.00241862
30.370000,-0.00231135
30.380000,-0.004447
30.390000,-0.0105513
30.400000,-0.0135497
30.410000,-0.00844462
30.420000,-0.00164459
30.430000,0.000852183
30.440000,0.00117943
30.450000,0.000618098
30.460000,-0.00194139
30.470000,-0.0054929
30.480000,-0.00572295
30.490000,-0.00087967
30.500000,-6.87977e-05
30.510000,-0.00563042
30.520000,-0.00934128
30.530000,-0.00929735
30.540000,-0.00414926
30.550000,0.0062033
30.560000,0.0137864
30.570000,0.0132851
30.580000,0.00725517
30.590000,0.000924619
30.600000,-0.000936119
30.610000,-0.000563193
30.620000,-0.00219666
30.630000,-0.00644718
30.640000,-0.0134997
30.650000,-0.0191078
30.660000,-0.0156061
30.670000,-0.00574059
30.680000,0.000874772
30.690000,0.00632155
30.700000,0.0126182
30.710000,0.0135401
30.720000,0.00895562
30.730000,0.00693104
30.740000,0.00866111
30.750000,0.00587644
30.760000,2.33096e-05
30.770000,-0.00372873
30.780000,-0.00945575
30.790000,-0.0125556
30.800000,-0.00366321
30.810000,0.00694579
30.820000,0.00687615
30.830000,0.000447351
30.840000,-0.00665345
30.850000,-0.0116951
30.860000,-0.0105554
30.870000,-0.0045908
30.880000,-0.00172696
30.890000,-0.00440414
30.900000,-0.00684053
30.910000,-0.00349872
30.920000,0.00349118
30.930000,0.00647036
30.940000,0.00922642
30.950000,0.0172749
30.960000,0.0190211
30.970000,0.00594806
30.980000,-0.00774287
30.990000,-0.00738891
31.000000,2.12154e-05
31.010000,0.00200523
31.020000,-0.00349382
31.030000,-0.0109793
31.040000,-0.017408
31.050000,-0.0172939
31.060000,-0.00122634
31.070000,0.0126819
31.080000,0.0044713
31.090000,-0.0118783
31.100000,-0.0210558
31.110000,-0.0177893
31.120000,-0.00732932
31.130000,0.00927086
31.140000,0.0310428
31.150000,0.0325941
31.160000,0.0109197
31.170000,-0.00165341
31.180000,0.00646577
31.190000,0.0120817
31.200000,-0.000277803
31.210000,-0.01263
31.220000,-0.0139682
31.230000,-0.0178186
31.240000,-0.0237186
31.250000,-0.0157301
31.260000,0.00120414
31.270000,0.00529827
31.280000,-0.000475272
31.290000,-0.00437467
31.300000,-0.00967834
31.310000,-0.0105095
31.320000,-0.00102109
31.330000,0.00996709
31.340000,0.0114849
31.350000,0.00684739
31.360000,0.00808978
31.370000,0.00831822
31.380000,-0.000342979
31.390000,-0.00763431
31.400000,-0.00352021
31.410000,0.00637422
31.420000,0.00770698
31.430000,-0.00532221
31.440000,-0.0246075
31.450000,-0.0278078
31.460000,-0.0115409
31.470000,0.00358302
31.480000,0.00887093
31.490000,0.00633452
31.500000,0.00208932
31.510000,-0.00127776
31.520000,-0.00607604
31.530000,-0.000109268
31.540000,0.0242419
31.550000,0.0371584
31.560000,0.0126094
31.570000,-0.0231616
31.580000,-0.032153
31.590000,-0.00914552
31.600000,0.019472
31.610000,0.0162165
31.620000,-0.013891
31.630000,-0.0367921
31.640000,-0.0348126
31.650000,-0.00276172
31.660000,0.0378676
31.670000,0.0459069
31.680000,0.00760822
31.690000,-0.0332922
31.700000,-0.0369046
31.710000,-0.00967827
31.720000,0.0352326
31.730000,0.0580234
31.740000,0.0247296
31.750000,-0.0195148
31.760000,-0.0368493
31.770000,-0.0414483
31.780000,-0.0131092
31.790000,0.046949
31.800000,0.064517
31.810000,0.026776
31.820000,-0.0119962
31.830000,-0.0409357
31.840000,-0.0557513
31.850000,-0.0213118
31.860000,0.0398105
31.870000,0.0441969
31.880000,-0.00360276
31.890000,-0.0346173
31.900000,-0.045441
31.910000,-0.0391924
31.920000,0.00178184
31.930000,0.0509846
31.940000,0.0572761
31.950000,0.0178433
31.960000,-0.00892834
31.970000,0.0173087
31.980000,0.060411
31.990000,0.0858592
32.000000,0.0921868
32.010000,0.057043
32.020000,0.00502575
32.030000,-0.0233747
32.040000,-0.0396555
32.050000,-0.0351391
32.060000,-0.0270711
32.070000,-0.0534134
32.080000,-0.0713551
32.090000,-0.043633
32.100000,-0.0218408
32.110000,-0.0353919
32.120000,-0.0410432
32.130000,-0.0321869
32.140000,-0.0115446
32.150000,0.030217
32.160000,0.0427439
32.170000,0.0225268
32.180000,0.0152812
32.190000,0.000661339
32.200000,-0.0293402
32.210000,-0.0379442
32.220000,-0.0235925
32.230000,-0.00635388
32.240000,0.000412316
32.250000,-0.0047561
32.260000,0.00278084
32.270000,0.0290301
32.280000,0.0395441
32.290000,0.0232802
32.300000,0.00759742
32.310000,-0.00131884
32.320000,-0.0118975
32.330000,-0.00779127
32.340000,0.0120621
32.350000,0.0178927
32.360000,0.00359615
32.370000,-0.00999123
32.380000,-0.0162453
32.390000,-0.0201825
32.400000,-0.0232949
32.410000,-0.0213479
32.420000,0.00364244
32.430000,0.024499
32.440000,0.0018877
32.450000,-0.0119994
32.460000,0.0140403
32.470000,0.0322434
32.480000,0.0162869
32.490000,-0.0137159
32.500000,-0.0314698
32.510000,-0.0285483
32.520000,-0.00650758
32.530000,0.00558176
32.540000,-0.00815893
32.550000,-0.0115047
32.560000,0.00131781
32.570000,0.00787808
32.580000,0.0155712
32.590000,0.0278374
32.600000,0.0310236
32.610000,0.0228066
32.620000,0.0148109
32.630000,0.0158557
32.640000,0.0241066
32.650000,0.0281284
32.660000,0.0242677
32.670000,0.0265329
32.680000,0.0356583
32.690000,0.0407476
32.700000,0.0388853
32.710000,0.0244821
32.720000,0.00355137
32.730000,-0.007774
32.740000,-0.0121846
32.750000,-0.0243774
32.760000,-0.0546209
32.770000,-0.091183
32.780000,-0.0881867
32.790000,-0.0336585
32.800000,0.0118614
32.810000,0.0157467
32.820000,0.00777733
32.830000,0.0156529
32.840000,0.0374853
32.850000,0.0535363
32.860000,0.065618
32.870000,0.0749222
32.880000,0.0536295
32.890000,0.00596393
32.900000,-0.0367045
32.910000,-0.064875
32.920000,-0.0772705
32.930000,-0.0773911
32.940000,-0.0757209
32.950000,-0.0705731
32.960000,-0.0515948
32.970000,-0.0195521
32.980000,0.0128717
32.990000,0.0355974
33.000000,0.0555639
33.010000,0.068943
33.020000,0.0555
33.030000,0.0337298
33.040000,0.0283983
33.050000,0.022711
33.060000,0.00771316
33.070000,-0.0104656
33.080000,-0.0252469
33.090000,-0.0233167
33.100000,-0.0111043
33.110000,-0.00442485
33.120000,-0.00358831
33.130000,-0.00737081
33.140000,-0.0113801
33.150000,-0.00364585
33.160000,0.00994323
33.170000,0.00588719
33.180000,-0.00862453
33.190000,-0.0140685
33.200000,-0.0227374
33.210000,-0.0363813
33.220000,-0.0433831
33.230000,-0.043914
33.240000,-0.039284
33.250000,-0.038718
33.260000,-0.0341114
33.270000,0.00126545
33.280000,0.0404756
33.290000,0.0400934
33.300000,0.0309264
33.310000,0.0519561
33.320000,0.085518
33.330000,0.0890234
33.340000,0.0448023
33.350000,0.00825742
33.360000,0.0115633
33.370000,0.00662572
33.380000,-0.0127762
33.390000,-0.0189516
33.400000,-0.0132533
33.410000,-0.00276585
33.420000,-0.0031717
33.430000,-0.0206554
33.440000,-0.0384143
33.450000,-0.0513675
33.460000,-0.0660933
33.470000,-0.069031
33.480000,-0.049873
33.490000,-0.0337485
33.500000,-0.0100147
33.510000,0.0437175
33.520000,0.0928853
33.530000,0.112562
33.540000,0.106492
33.550000,0.0864312
33.560000,0.0717704
33.570000,0.0646626
33.580000,0.0356668
33.590000,-0.0118006
33.600000,-0.044211
33.610000,-0.0725445
33.620000,-0.105399
33.630000,-0.114268
33.640000,-0.090007
33.650000,-0.0552543
33.660000,-0.0333664
33.670000,-0.0362995
33.680000,-0.0454023
33.690000,-0.0293995
33.700000,0.00692568
33.710000,0.0280899
33.720000,0.0293916
33.730000,0.0378938
33.740000,0.0385418
33.750000,0.0101427
33.760000,-0.0154665
33.770000,-0.021529
33.780000,-0.0197464
33.790000,-0.00769156
33.800000,0.00753103
33.810000,0.0199271
33.820000,0.0311457
33.830000,0.0308825
33.840000,0.0265958
33.850000,0.0318752
33.860000,0.0363658
33.870000,0.0359877
33.880000,0.0331783
33.890000,0.0195286
33.900000,0.00180579
33.910000,-0.00638137
33.920000,-0.0160861
33.930000,-0.033847
33.940000,-0.0403227
33.950000,-0.0308217
33.960000,-0.0240265
33.970000,-0.0270314
33.980000,-0.0341506
33.990000,-0.0351183
34.000000,-0.0249965
34.010000,-0.0174889
34.020000,-0.0180635
34.030000,-0.0161512
34.040000,-0.0061628
34.050000,0.00862292
34.060000,0.0178301
34.070000,0.0224366
34.080000,0.031173
34.090000,0.0406681
34.100000,0.0498168
34.110000,0.0590458
34.120000,0.0603265
34.130000,0.049225
34.140000,0.0298419
34.150000,0.0145918
34.160000,0.00620717
34.170000,-0.00485951
34.180000,-0.0143688
34.190000,-0.0155016
34.200000,-0.0149038
34.210000,-0.020457
34.220000,-0.0299115
34.230000,-0.0361988
34.240000,-0.0301834
34.250000,-0.0152055
34.260000,-0.00829866
34.270000,-0.0077783
34.280000,-0.0052796
34.290000,0.000959678
34.300000,0.0133799
34.310000,0.0188523
34.320000,0.00849183
34.330000,-0.00109971
34.340000,-0.00252831
34.350000,-0.00341705
34.360000,-0.00438077
34.370000,-0.005724
34.380000,-0.0102298
34.390000,-0.0150313
34.400000,-0.0149789
34.410000,-0.0115111
34.420000,-0.00981592
34.430000,-0.00836988
34.440000,-0.0036615
34.450000,0.00202744
34.460000,0.0061817
34.470000,0.0101296
34.480000,0.0129199
34.490000,0.0130677
34.500000,0.0140529
34.510000,0.015676
34.520000,0.0135706
34.530000,0.0077698
34.540000,0.000690017
34.550000,-0.00413129
34.560000,-0.0049318
34.570000,-0.00512967
34.580000,-0.00556136
34.590000,-0.00602434
34.600000,-0.0075518
34.610000,-0.00891803
34.620000,-0.0103231
34.630000,-0.0126502
34.640000,-0.0138258
34.650000,-0.0119134
34.660000,-0.0098916
34.670000,-0.0105884
34.680000,-0.0107773
34.690000,-0.00576265
34.700000,0.00396417
34.710000,0.0129977
34.720000,0.0185418
34.730000,0.0230124
34.740000,0.0280804
34.750000,0.0326453
34.760000,0.0354164
34.770000,0.0319637
34.780000,0.02025
34.790000,0.0118083
34.800000,0.0127034
34.810000,0.0136986
34.820000,0.0100451
34.830000,0.00258785
34.840000,-0.00588691
34.850000,-0.00941091
34.860000,-0.00662208
34.870000,-0.00459175
34.880000,-0.0081505
34.890000,-0.0131154
34.900000,-0.0128388
34.910000,-0.00472451
34.920000,0.00190855
34.930000,-0.000234331
34.940000,-0.00208752
34.950000,0.000170264
34.960000,0.00124045
34.970000,0.00144671
34.980000,0.0018104
34.990000,0.000898257
35.000000,-0.000438301
35.010000,-0.00116028
35.020000,-0.00118247
35.030000,5.20748e-06
35.040000,0.0012115
35.050000,0.00080863
35.060000,-5.19255e-05
35.070000,-0.000280028
35.080000,-0.000429871
35.090000,0.00099973
35.100000,0.00489389
35.110000,0.00878763
35.120000,0.00965675
35.130000,0.00786793
35.140000,0.00690438
35.150000,0.00553343
35.160000,0.000774236
35.170000,-0.00489008
35.180000,-0.00700258
35.190000,-0.0061244
35.200000,-0.00735992
35.210000,-0.0101751
35.220000,-0.0109121
35.230000,-0.0118258
35.240000,-0.0155882
35.250000,-0.0170316
35.260000,-0.0124073
35.270000,-0.00672
35.280000,-0.00217002
35.290000,0.00253235
35.300000,0.00724394
35.310000,0.00975465
35.320000,0.0077369
35.330000,0.00584925
35.340000,0.00891614
35.350000,0.0141013
35.360000,0.0158569
35.370000,0.0120662
35.380000,0.0069736
35.390000,0.00316399
35.400000,-0.000627749
35.410000,-0.00209425
35.420000,-0.00144137
35.430000,-0.00185403
35.440000,-0.00320473
35.450000,-0.00674713
35.460000,-0.0108231
35.470000,-0.00934755
35.480000,-0.00425652
35.490000,-0.00160485
35.500000,-0.00225917
35.510000,-0.00363602
35.520000,-0.00220364
35.530000,0.00089768
35.540000,0.000855307
35.550000,-0.000997926
35.560000,-0.00126965
35.570000,-0.0020569
35.580000,-0.00443235
35.590000,-0.00676731
35.600000,-0.0077566
35.610000,-0.00631292
35.620000,-0.00403456
35.630000,-0.00292957
35.640000,-0.00263926
35.650000,-0.00223376
35.660000,-0.0013475
35.670000,-0.000854968
35.680000,-0.00212675
35.690000,-0.00449227
35.700000,-0.00581566
35.710000,-0.00645024
35.720000,-0.00772177
35.730000,-0.00873686
35.740000,-0.0080341
35.750000,-0.006377
35.760000,-0.00528891
35.770000,-0.00227757
35.780000,0.00410407
35.790000,0.00971254
35.800000,0.0133092
35.810000,0.0160054
35.820000,0.0166061
35.830000,0.0165387
35.840000,0.0169054
35.850000,0.0158199
35.860000,0.0124956
35.870000,0.00732805
35.880000,0.00310197
35.890000,0.000782484
35.900000,-0.00141023
35.910000,-0.001363
35.920000,0.000929676
35.930000,0.00212895
35.940000,0.00178787
35.950000,-0.000567847
35.960000,-0.00374284
35.970000,-0.0033919
35.980000,-0.000238124
35.990000,0.00121207
36.000000,-0.000320958
36.010000,-0.00415926
36.020000,-0.00771765
36.030000,-0.00878067
36.040000,-0.00922884
36.050000,-0.0103761
36.060000,-0.0121912
36.070000,-0.0156122
36.080000,-0.0197984
36.090000,-0.0213976
36.100000,-0.0180699
36.110000,-0.0131385
36.120000,-0.0108322
36.130000,-0.0100707
36.140000,-0.00888252
36.150000,-0.00744913
36.160000,-0.00452637
36.170000,0.00027692
36.180000,0.00427021
36.190000,0.00734139
36.200000,0.00953458
36.210000,0.0102878
36.220000,0.0115301
36.230000,0.0116023
36.240000,0.00750773
36.250000,-0.000166673
36.260000,-0.00724687
36.270000,-0.00673537
36.280000,-0.00117511
36.290000,-1.84377e-05
36.300000,-0.00266517
36.310000,-0.00487665
36.320000,-0.00891072
36.330000,-0.0134989
36.340000,-0.0107567
36.350000,-0.00385683
36.360000,-0.00217528
36.370000,-0.0033154
36.380000,-0.00381896
36.390000,-0.00484002
36.400000,-0.00427354
36.410000,-0.000626606
36.420000,0.00329401
36.430000,0.00442051
36.440000,0.00232914
36.450000,0.000475749
36.460000,0.00113471
36.470000,0.00207571
36.480000,0.00227775
36.490000,0.00288304
36.500000,0.00374106
36.510000,0.00429386
36.520000,0.00486304
36.530000,0.00570704
36.540000,0.00687929
36.550000,0.00598087
36.560000,0.00170481
36.570000,-0.0025015
36.580000,-0.00597359
36.590000,-0.00926413
36.600000,-0.010525
36.610000,-0.0101177
36.620000,-0.0091485
36.630000,-0.0069803
36.640000,-0.00269876
36.650000,0.00239932
36.660000,0.00643931
36.670000,0.00962959
36.680000,0.0122526
36.690000,0.0118331
36.700000,0.00840978
36.710000,0.00589785
36.720000,0.00435386
36.730000,0.00328732
36.740000,0.003185
36.750000,0.00255993
36.760000,0.000789603
36.770000,-0.00341525
36.780000,-0.00988322
36.790000,-0.0116375
36.800000,-0.0074295
36.810000,-0.0058226
36.820000,-0.00692203
36.830000,-0.00612312
36.840000,-0.00492013
36.850000,-0.00367275
36.860000,-0.0014796
36.870000,0.000483658
36.880000,0.000396273
36.890000,-0.00208076
36.900000,-0.00411075
36.910000,-0.00364482
36.920000,-0.00205588
36.930000,-0.0012844
36.940000,-0.00146372
36.950000,-0.00154758
36.960000,-0.000269006
36.970000,0.00190862
36.980000,0.0037964
36.990000,0.00519395
37.000000,0.00470036
37.010000,0.00284249
37.020000,0.00169513
37.030000,0.000307615
37.040000,-0.0013229
37.050000,-0.000695142
37.060000,0.00139783
37.070000,0.00166426
37.080000,0.00165414
37.090000,0.0045578
37.100000,0.00847257
37.110000,0.00996967
37.120000,0.00876791
37.130000,0.00780378
37.140000,0.00803496
37.150000,0.00667205
37.160000,0.00344166
37.170000,0.000657857
37.180000,-0.00157717
37.190000,-0.00424393
37.200000,-0.00681598
37.210000,-0.00787435
37.220000,-0.00783656
37.230000,-0.00824426
37.240000,-0.00892124
37.250000,-0.0083184
37.260000,-0.00488191
37.270000,0.000123598
37.280000,0.00438448
37.290000,0.00770623
37.300000,0.00991867
37.310000,0.0104334
37.320000,0.00939071
37.330000,0.00770353
37.340000,0.00526513
37.350000,0.00131068
37.360000,-0.00343137
37.370000,-0.00424139
37.380000,1.01097e-05
37.390000,0.0019131
37.400000,0.000520951
37.410000,-0.000374905
37.420000,-0.00191223
37.430000,-0.00559879
37.440000,-0.00868625
37.450000,-0.00820316
37.460000,-0.00888949
37.470000,-0.0128715
37.480000,-0.0146714
37.490000,-0.0100608
37.500000,0.000827454
37.510000,0.00848167
37.520000,0.00676742
37.530000,0.00543573
37.540000,0.00640347
37.550000,0.00447474
37.560000,0.00109486
37.570000,-0.00273299
37.580000,-0.00729482
37.590000,-0.0106132
37.600000,-0.00860588
37.610000,-0.000141538
37.620000,0.00783148
37.630000,0.00691596
37.640000,0.00243228
37.650000,0.00417017
37.660000,0.00730079
37.670000,0.00509779
37.680000,-0.000386961
37.690000,-0.00353655
37.700000,0.00153765
37.710000,0.00913211
37.720000,0.00894623
37.730000,0.0047129
37.740000,0.00103716
37.750000,-0.00253137
37.760000,-0.00266632
37.770000,-0.000423148
37.780000,-0.00129065
37.790000,-0.00376298
37.800000,-0.00422279
37.810000,-0.00261566
37.820000,0.000177098
37.830000,0.00233936
37.840000,0.00261729
37.850000,0.00181388
37.860000,0.00230407
37.870000,0.00414958
37.880000,0.00456176
37.890000,0.00357073
37.900000,0.00437787
37.910000,0.00711621
37.920000,0.00950956
37.930000,0.0103246
37.940000,0.00921948
37.950000,0.00813577
37.960000,0.00757709
37.970000,0.0044483
37.980000,-0.000975232
37.990000,-0.00415114
38.000000,-0.00522269
38.010000,-0.00736559
38.020000,-0.00987612
38.030000,-0.0105282
38.040000,-0.0084646
38.050000,-0.0056654
38.060000,-0.00398378
38.070000,-0.00272085
38.080000,-0.0013428
38.090000,0.000143838
38.100000,0.00135678
38.110000,0.000807837
38.120000,-0.0013635
38.130000,-0.00319671
38.140000,-0.00411514
38.150000,-0.00420236
38.160000,-0.00413722
38.170000,-0.00482942
38.180000,-0.00618175
38.190000,-0.00704764
38.200000,-0.00574461
38.210000,-0.00327366
38.220000,-0.00168802
38.230000,-0.000300099
38.240000,0.00102616
38.250000,0.00173276
38.260000,0.002549
38.270000,0.00360769
38.280000,0.00326897
38.290000,0.00071872
38.300000,-0.00190196
38.310000,-0.00399293
38.320000,-0.00500414
38.330000,-0.00362104
38.340000,-0.00205602
38.350000,-0.00153841
38.360000,-0.00133043
38.370000,-0.00131256
38.380000,-0.00132863
38.390000,-0.00154824
38.400000,-0.00188635
38.410000,-0.00208381
38.420000,-0.00240156
38.430000,-0.00268538
38.440000,-0.0015772
38.450000,0.0019111
38.460000,0.0070882
38.470000,0.0103762
38.480000,0.00820714
38.490000,0.00484732
38.500000,0.00512964
38.510000,0.00565354
38.520000,0.00470677
38.530000,0.00465953
38.540000,0.00469368
38.550000,0.00261901
38.560000,-0.000322015
38.570000,-0.00177215
38.580000,-0.00274693
38.590000,-0.00390557
38.600000,-0.00405394
38.610000,-0.00355799
38.620000,-0.00185827
38.630000,0.000983523
38.640000,0.00327523
38.650000,0.00543002
38.660000,0.00568379
38.670000,0.00276696
38.680000,-4.45931e-06
38.690000,-0.00116814
38.700000,-0.000744933
38.710000,3.89397e-05
38.720000,-0.000617423
38.730000,-0.00137043
38.740000,-0.00153681
38.750000,-0.00175784
38.760000,-0.00139587
38.770000,-0.00090017
38.780000,-0.00140484
38.790000,-0.00219451
38.800000,-0.000748374
38.810000,0.00367465
38.820000,0.0063162
38.830000,0.00465184
38.840000,0.00298699
38.850000,0.00253444
38.860000,0.00063093
38.870000,-0.00202397
38.880000,-0.00433338
38.890000,-0.00583389
38.900000,-0.00391081
38.910000,-0.0007699
38.920000,-0.000850295
38.930000,-0.00163506
38.940000,0.000114048
38.950000,0.00366838
38.960000,0.0077265
38.970000,0.0102663
38.980000,0.00875228
38.990000,0.00534559
39.000000,0.00265561
39.010000,7.24403e-05
39.020000,0.000250365
39.030000,0.00289122
39.040000,0.00286101
39.050000,0.00105281
39.060000,0.000219915
39.070000,0.000236594
39.080000,0.00261825
39.090000,0.00546695
39.100000,0.00420559
39.110000,0.000987011
39.120000,-0.00121806
39.130000,-0.00319529
39.140000,-0.00394104
39.150000,-0.00398135
39.160000,-0.00509275
39.170000,-0.00608865
39.180000,-0.00560805
39.190000,-0.00355007
39.200000,-0.0014062
39.210000,-0.0010908
39.220000,-0.00247795
39.230000,-0.00295748
39.240000,-0.00112229
39.250000,0.0020397
39.260000,0.00434353
39.270000,0.00316561
39.280000,0.00111493
39.290000,0.0019303
39.300000,0.00366017
39.310000,0.00418596
39.320000,0.00298879
39.330000,0.000207847
39.340000,-0.00225072
39.350000,-0.00276682
39.360000,-0.00219404
39.370000,-0.00234417
39.380000,-0.00294887
39.390000,-0.00334556
39.400000,-0.00325649
39.410000,-0.00184517
39.420000,0.000115413
39.430000,0.000908894
39.440000,1.57805e-05
39.450000,-0.00156199
39.460000,-0.00267853
39.470000,-0.00302954
39.480000,-0.00292631
39.490000,-0.0033877
39.500000,-0.00414859
39.510000,-0.00406864
39.520000,-0.00334945
39.530000,-0.00275006
39.540000,-0.00246056
39.550000,-0.00209024
39.560000,-0.00135138
39.570000,-0.000543155
39.580000,-0.00023155
39.590000,0.000161188
39.600000,0.00185466
39.610000,0.00412023
39.620000,0.00484493
39.630000,0.0033709
39.640000,0.00142729
39.650000,0.000247078
39.660000,-6.61858e-05
39.670000,0.000394466
39.680000,0.0007789
39.690000,0.000571524
39.700000,-0.00036304
39.710000,-0.00107929
39.720000,-0.000457438
39.730000,0.000668861
39.740000,0.000794278
39.750000,-0.000676528
39.760000,-0.00263101
39.770000,-0.00290178
39.780000,-0.00153364
39.790000,-0.000606906
39.800000,-0.000163336
39.810000,0.000683109
39.820000,0.00152376
39.830000,0.00214257
39.840000,0.00281952
39.850000,0.00343233
39.860000,0.00325357
39.870000,0.00235469
39.880000,0.00168195
39.890000,0.00108544
39.900000,0.000154097
39.910000,-0.000393592
39.920000,-8.57985e-05
39.930000,8.64814e-05
39.940000,-0.000403571
39.950000,-0.000600215
39.960000,-0.000149126
39.970000,0.000241867
39.980000,5.33228e-05
39.990000,-0.000365533
40.000000,-0.000291355
40.010000,0.000335035
40.020000,0.000859521
40.030000,0.000849627
40.040000,0.000664178
40.050000,0.00089246
40.060000,0.0013979
40.070000,0.00178223
40.080000,0.0019951
40.090000,0.00174901
40.100000,0.000937701
40.110000,-2.01448e-05
40.120000,-0.000860142
40.130000,-0.0011035
40.140000,-0.000518211
40.150000,0.000177814
40.160000,0.000532649
40.170000,0.00114914
40.180000,0.00251191
40.190000,0.0035639
40.200000,0.00322982
40.210000,0.00205617
40.220000,0.000808242
40.230000,-0.000247681
40.240000,-0.00016155
40.250000,0.00133645
40.260000,0.00283137
40.270000,0.00316161
40.280000,0.0024351
40.290000,0.00128609
40.300000,-0.000230996
40.310000,-0.0014108
40.320000,-0.00177969
40.330000,-0.0025825
40.340000,-0.00389075
40.350000,-0.00432626
40.360000,-0.00346057
40.370000,-0.00187047
40.380000,0.000342293
40.390000,0.00238724
40.400000,0.00272475
40.410000,0.00241414
40.420000,0.0027516
40.430000,0.00293399
40.440000,0.00275168
40.450000,0.00260235
40.460000,0.00246322
40.470000,0.00209528
40.480000,0.00138511
40.490000,0.000661899
40.500000,0.000298991
40.510000,0.000485371
40.520000,0.000690362
40.530000,0.00024881
40.540000,-0.000333203
40.550000,-0.000397554
40.560000,-0.000118618
40.570000,-9.07415e-05
40.580000,-0.000364787
40.590000,-0.000360431
40.600000,-2.39868e-05
40.610000,0.00021227
40.620000,0.000277676
40.630000,0.000260408
40.640000,0.000142401
40.650000,5.18952e-05
40.660000,0.000115654
40.670000,0.000179484
40.680000,0.000127396
40.690000,0.000149271
40.700000,0.000282949
40.710000,0.000359464
40.720000,0.000347282
40.730000,0.00030405
40.740000,0.000267103
40.750000,0.000208775
40.760000,0.000114872
40.770000,8.65003e-05
40.780000,0.000170997
40.790000,0.000233948
40.800000,0.00017603
40.810000,5.99396e-05
40.820000,1.39469e-05
40.830000,5.86748e-05
40.840000,9.83223e-05
40.850000,9.29996e-05
40.860000,6.1335e-05
40.870000,2.64276e-05
40.880000,1.48441e-05
40.890000,2.45432e-05
40.900000,2.01346e-05
40.910000,-4.75421e-05
40.920000,-0.000189152
40.930000,-0.000269802
40.940000,-0.000213626
40.950000,-0.00016422
40.960000,-0.000160169
40.970000,-0.000130379
40.980000,-9.61004e-05
40.990000,-8.22979e-05
41.000000,-7.41662e-05
41.010000,-5.34184e-05
41.020000,-2.64124e-05
41.030000,-2.04367e-05
41.040000,-4.36528e-05
41.050000,-7.63749e-05
41.060000,-0.000104666
41.070000,-0.000123482
41.080000,-0.00012184
41.090000,-0.000113163
41.100000,-0.000112177
41.110000,-0.000107991
41.120000,-0.000110508
41.130000,-0.000136388
41.140000,-0.000169367
41.150000,-0.000196685
41.160000,-0.000213522
41.170000,-0.000210211
41.180000,-0.000203754
41.190000,-0.000212364
41.200000,-0.00022423
41.210000,-0.000227475
41.220000,-0.000224454
41.230000,-0.000220507
41.240000,-0.000219448
41.250000,-0.000224877
41.260000,-0.000234217
41.270000,-0.000240166
41.280000,-0.000240035
41.290000,-0.000237824
41.300000,-0.000239403
41.310000,-0.000242382
41.320000,-0.000244527
41.330000,-0.000248389
41.340000,-0.000252465
41.350000,-0.000255634
41.360000,-0.000258785
41.370000,-0.000261765
41.380000,-0.000264772
41.390000,-0.000267832
41.400000,-0.00027085
41.410000,-0.000274579
41.420000,-0.000278762
41.430000,-0.000281918
41.440000,-0.000283846
41.450000,-0.000285902
41.460000,-0.000288592
41.470000,-0.000291008
41.480000,-0.000292942
41.490000,-0.000294749
41.500000,-0.000296406
41.510000,-0.000298001
41.520000,-0.000299553
41.530000,-0.000300956
41.540000,-0.000302207
41.550000,-0.000303337
41.560000,-0.000304334
41.570000,-0.000305136
41.580000,-0.000305732
41.590000,-0.00030615
41.600000,-0.000306409
41.610000,-0.000306512
41.620000,-0.000306453
41.630000,-0.00030623
