time,amplitude
0.0000,0.958
0.0100,-0.573
0.0200,2.435
0.0300,4.007
0.0400,8.133
0.0500,5.602
0.0600,2.890
0.0700,4.339
0.0800,0.122
0.0900,-1.371
0.1000,0.060
0.1100,-6.637
0.1200,-6.496
0.1300,-4.528
0.1400,-5.283
0.1500,-4.534
0.1600,-0.904
0.1700,2.360
0.1800,5.449
0.1900,2.366
0.2000,6.066
0.2100,5.956
0.2200,4.051
0.2300,3.953
0.2400,1.144
0.2500,2.855
0.2600,-2.722
0.2700,-4.079
0.2800,-0.220
0.2900,-2.094
0.3001,-2.468
0.3101,-2.183
0.3201,-0.310
0.3301,-1.127
0.3401,1.419
0.3501,4.752
0.3601,3.190
0.3701,1.231
0.3801,3.983
0.3901,3.472
0.4001,0.958
0.4101,0.333
0.4201,-0.591
0.4301,-3.545
0.4401,-0.220
0.4501,-0.997
0.4601,-0.893
0.4701,-0.943
0.4801,-3.479
0.4901,-4.270
0.5001,1.390
0.5101,-0.942
0.5201,1.151
0.5301,2.273
0.5401,2.076
0.5501,1.491
0.5601,-0.307
0.5701,-0.411
0.5801,-1.164
0.5901,2.423
0.6001,-3.465
0.6101,-3.669
0.6201,-1.256
0.6301,-2.393
0.6401,-2.206
0.6501,-1.921
0.6601,1.120
0.6701,-1.064
0.6801,-0.493
0.6901,-0.344
0.7001,2.232
0.7101,0.555
0.7201,0.973
0.7301,2.399
0.7401,1.335
0.7501,-0.345
0.7601,-1.620
0.7701,-0.603
0.7801,-3.041
0.7901,-2.380
0.8001,-4.054
0.8101,-0.760
0.8201,2.213
0.8301,0.487
0.8401,1.712
0.8501,1.177
0.8601,3.460
0.8701,1.061
0.8801,-1.026
0.8901,3.101
0.9002,2.710
0.9102,-0.126
0.9202,-0.130
0.9302,1.383
0.9402,-2.569
0.9502,-4.688
0.9602,3.163
0.9702,-1.849
0.9802,0.446
0.9902,1.147
1.0002,2.529
1.0102,0.710
1.0202,1.263
1.0302,3.193
1.0402,2.232
1.0502,1.058
1.0602,-4.051
1.0702,1.146
1.0802,-0.287
1.0902,-0.284
1.1002,-3.902
1.1102,-3.122
1.1202,-5.419
1.1302,-0.621
1.1402,-3.245
1.1502,-3.354
1.1602,2.153
1.1702,-2.552
1.1802,1.501
1.1902,-1.283
1.2002,-0.171
1.2102,-0.740
1.2202,0.932
1.2302,0.367
1.2402,-0.828
1.2502,-2.025
1.2602,0.086
1.2702,1.127
1.2802,-0.548
1.2902,0.129
1.3002,-0.452
1.3102,-0.477
1.3202,-4.157
1.3302,1.768
1.3402,-1.646
1.3502,-0.129
1.3602,-0.656
1.3702,1.103
1.3802,3.464
1.3902,1.164
1.4002,1.643
1.4102,0.946
1.4202,-2.007
1.4302,0.638
1.4402,-0.968
1.4502,0.990
1.4602,-1.981
1.4702,-0.048
1.4802,2.125
1.4902,0.180
1.5003,1.311
1.5103,1.525
1.5203,0.496
1.5303,-0.201
1.5403,-1.306
1.5503,4.442
1.5603,0.658
1.5703,0.618
1.5803,0.934
1.5903,-1.204
1.6003,-0.828
1.6103,-0.123
1.6203,-0.366
1.6303,0.232
1.6403,1.182
1.6503,0.212
1.6603,-1.443
1.6703,-0.645
1.6803,0.153
1.6903,-1.881
1.7003,-2.667
1.7103,0.887
1.7203,0.080
1.7303,0.639
1.7403,0.697
1.7503,0.559
1.7603,-0.828
1.7703,1.257
1.7803,1.397
1.7903,-0.909
1.8003,-0.713
1.8103,0.330
1.8203,-1.098
1.8303,0.557
1.8403,0.162
1.8503,0.693
1.8603,-0.313
1.8703,-1.261
1.8803,2.408
1.8903,0.488
1.9003,1.371
1.9103,-0.317
1.9203,-0.120
1.9303,1.724
1.9403,1.772
1.9503,-0.395
1.9603,-0.805
1.9703,1.792
1.9803,-2.318
1.9903,-2.508
2.0003,-2.219
2.0103,1.990
2.0203,3.087
2.0303,1.340
2.0403,0.256
2.0503,2.270
2.0603,-3.185
2.0703,-2.172
2.0803,-2.344
2.0903,1.580
2.1004,-0.286
2.1104,2.130
2.1204,-2.488
2.1304,-0.914
2.1404,2.442
2.1504,1.010
2.1604,0.804
2.1704,0.328
2.1804,-0.001
2.1904,-0.661
2.2004,0.302
2.2104,-2.198
2.2204,2.362
2.2304,1.417
2.2404,0.881
2.2504,-0.668
2.2604,2.188
2.2704,-0.322
2.2804,-2.339
2.2904,-1.789
2.3004,-2.774
2.3104,-0.535
2.3204,0.912
2.3304,-0.678
2.3404,0.978
2.3504,3.030
2.3604,-0.386
2.3704,0.782
2.3804,1.322
2.3904,0.473
2.4004,-2.875
2.4104,0.162
2.4204,-0.677
2.4304,-1.105
2.4404,0.154
2.4504,1.842
2.4604,2.704
2.4704,-0.520
2.4804,0.398
2.4904,-0.204
2.5004,3.900
2.5104,-0.937
2.5204,-1.422
2.5304,1.864
2.5404,-0.034
2.5504,0.981
2.5604,-0.196
2.5704,-0.074
2.5804,-3.515
2.5904,-2.776
2.6004,2.265
2.6104,-1.786
2.6204,2.772
2.6304,-0.989
2.6404,-0.121
2.6504,0.074
2.6604,-1.711
2.6704,1.903
2.6804,-0.096
2.6904,-1.424
2.7005,1.270
2.7105,-0.658
2.7205,-1.901
2.7305,-0.624
2.7405,0.953
2.7505,0.201
2.7605,0.575
2.7705,2.766
2.7805,-0.286
2.7905,-3.842
2.8005,-1.129
2.8105,1.181
2.8205,-0.846
2.8305,-0.878
2.8405,-0.381
2.8505,0.712
2.8605,-2.374
2.8705,0.483
2.8805,4.197
2.8905,-0.103
2.9005,-1.992
2.9105,-2.402
2.9205,-1.456
2.9305,1.529
2.9405,-2.127
2.9505,1.040
2.9605,-1.397
2.9705,-2.056
2.9805,2.915
2.9905,0.359
3.0005,-0.955
3.0105,2.319
3.0205,-0.073
3.0305,0.112
3.0405,0.413
3.0505,-0.894
3.0605,-0.272
3.0705,1.021
3.0805,3.548
3.0905,1.321
3.1005,-1.186
3.1105,0.323
3.1205,-2.298
3.1305,1.586
3.1405,-0.025
3.1505,0.841
3.1605,0.874
3.1705,1.365
3.1805,-1.334
3.1905,1.705
3.2005,-0.838
3.2105,1.249
3.2205,-1.951
3.2305,0.793
3.2405,0.498
3.2505,-0.571
3.2605,2.959
3.2705,1.525
3.2805,1.874
3.2905,0.865
3.3006,-0.288
3.3106,1.318
3.3206,0.386
3.3306,-1.403
3.3406,1.052
3.3506,0.958
3.3606,0.792
3.3706,1.582
3.3806,-2.508
3.3906,0.165
3.4006,-0.906
3.4106,0.391
3.4206,1.815
3.4306,1.091
3.4406,-1.323
3.4506,1.707
3.4606,-0.560
3.4706,1.437
3.4806,-1.087
3.4906,1.695
3.5006,0.164
3.5106,1.511
3.5206,-2.351
3.5306,-0.736
3.5406,0.934
3.5506,1.505
3.5606,1.020
3.5706,1.796
3.5806,2.151
3.5906,0.001
3.6006,-0.747
3.6106,1.049
3.6206,0.390
3.6306,-0.237
3.6406,0.102
3.6506,1.088
3.6606,-1.296
3.6706,-1.883
3.6806,1.240
3.6906,-3.388
3.7006,-0.077
3.7106,0.999
3.7206,-1.451
3.7306,0.439
3.7406,-0.080
3.7506,-0.152
3.7606,-1.420
3.7706,1.288
3.7806,-0.264
3.7906,-0.030
3.8006,-0.674
3.8106,1.096
3.8206,-0.334
3.8306,1.371
3.8406,-2.078
3.8506,1.580
3.8606,-1.167
3.8706,0.069
3.8806,-1.204
3.8906,1.031
3.9007,0.080
3.9107,-0.005
3.9207,0.516
3.9307,0.997
3.9407,3.985
3.9507,-0.686
3.9607,-1.863
3.9707,-0.545
3.9807,-1.771
3.9907,1.125
4.0007,-2.388
4.0107,0.729
4.0207,1.158
4.0307,1.280
4.0407,1.481
4.0507,-0.288
4.0607,0.108
4.0707,-1.281
4.0807,0.890
4.0907,-0.102
4.1007,-0.736
4.1107,-0.347
4.1207,-0.385
4.1307,-3.181
4.1407,2.349
4.1507,1.113
4.1607,-1.107
4.1707,2.745
4.1807,2.175
4.1907,-0.747
4.2007,-1.138
4.2107,0.444
4.2207,1.768
4.2307,1.226
4.2407,-0.806
4.2507,0.496
4.2607,-0.278
4.2707,-0.028
4.2807,-0.381
4.2907,-0.879
4.3007,-0.077
4.3107,0.465
4.3207,-1.218
4.3307,0.340
4.3407,0.475
4.3507,2.013
4.3607,-1.131
4.3707,2.477
4.3807,-0.431
4.3907,1.379
4.4007,-0.978
4.4107,0.260
4.4207,-0.933
4.4307,0.753
4.4407,-0.458
4.4507,-0.939
4.4607,2.786
4.4707,-0.146
4.4807,1.692
4.4907,1.976
4.5008,0.169
4.5108,1.223
4.5208,-1.997
4.5308,-1.605
4.5408,-0.413
4.5508,-1.467
4.5608,0.927
4.5708,-0.221
4.5808,1.827
4.5908,-1.038
4.6008,-0.646
4.6108,-2.763
4.6208,-0.336
4.6308,1.335
4.6408,2.190
4.6508,-1.968
4.6608,-0.652
4.6708,1.700
4.6808,-0.665
4.6908,-1.595
4.7008,0.496
4.7108,-0.747
4.7208,-1.152
4.7308,-0.870
4.7408,0.569
4.7508,0.024
4.7608,-1.316
4.7708,-0.481
4.7808,-1.110
4.7908,-2.059
4.8008,3.234
4.8108,0.994
4.8208,-0.150
4.8308,0.394
4.8408,-1.241
4.8508,-0.431
4.8608,-0.768
4.8708,-0.979
4.8808,-0.758
4.8908,-1.726
4.9008,2.177
4.9108,0.296
4.9208,0.575
4.9308,1.314
4.9408,1.511
4.9508,0.304
4.9608,1.833
4.9708,0.522
4.9808,1.282
4.9908,1.375
5.0008,0.036
5.0108,3.593
5.0208,7.194
5.0308,9.327
5.0408,10.251
5.0508,12.327
5.0608,12.338
5.0708,14.375
5.0808,13.093
5.0908,13.268
5.1009,14.148
5.1109,11.663
5.1209,11.369
5.1309,7.314
5.1409,7.577
5.1509,4.080
5.1609,3.133
5.1709,-2.183
5.1809,-3.185
5.1909,-6.124
5.2009,-8.010
5.2109,-11.289
5.2209,-8.479
5.2309,-11.460
5.2409,-11.503
5.2509,-11.787
5.2609,-13.450
5.2709,-10.039
5.2809,-10.064
5.2909,-9.066
5.3009,-5.116
5.3109,-5.613
5.3209,-2.686
5.3309,-1.388
5.3409,0.935
5.3509,1.578
5.3609,7.335
5.3709,6.408
5.3809,5.372
5.3909,10.053
5.4009,11.886
5.4109,10.080
5.4209,8.971
5.4309,9.893
5.4409,10.954
5.4509,6.060
5.4609,7.899
5.4709,3.588
5.4809,2.998
5.4909,2.912
5.5009,0.094
5.5109,1.403
5.5209,-3.888
5.5309,-3.105
5.5409,-6.810
5.5509,-8.559
5.5609,-10.208
5.5709,-10.128
5.5809,-9.573
5.5909,-9.972
5.6009,-10.400
5.6109,-10.147
5.6209,-6.982
5.6309,-6.022
5.6409,-3.799
5.6509,-6.964
5.6609,-1.165
5.6709,0.474
5.6809,2.856
5.6909,5.924
5.7010,4.205
5.7110,8.045
5.7210,8.894
5.7310,7.792
5.7410,6.800
5.7510,10.679
5.7610,8.801
5.7710,7.143
5.7810,8.772
5.7910,6.544
5.8010,4.316
5.8110,0.430
5.8210,0.200
5.8310,0.551
5.8410,-0.912
5.8510,-1.882
5.8610,-5.043
5.8710,-3.485
5.8810,-2.493
5.8910,-3.981
5.9010,-7.573
5.9110,-8.290
5.9210,-8.796
5.9310,-5.627
5.9410,-6.175
5.9510,-4.482
5.9610,-4.364
5.9710,-4.018
5.9810,-3.730
5.9910,-0.671
6.0010,-0.203
6.0110,2.646
6.0210,1.263
6.0310,2.747
6.0410,3.979
6.0510,5.475
6.0610,3.952
6.0710,6.342
6.0810,7.256
6.0910,6.484
6.1010,6.788
6.1110,5.022
6.1210,6.202
6.1310,3.111
6.1410,3.259
6.1510,2.254
6.1610,2.147
6.1710,-0.116
6.1810,-0.151
6.1910,-1.496
6.2010,-2.132
6.2110,-5.296
6.2210,-5.962
6.2310,-6.079
6.2410,-6.048
6.2510,-5.106
6.2610,-3.916
6.2710,-5.526
6.2810,-7.686
6.2910,-2.888
6.3011,-1.419
6.3111,-1.041
6.3211,-2.345
6.3311,-1.208
6.3411,2.727
6.3511,2.985
6.3611,0.081
6.3711,4.917
6.3811,1.867
6.3911,1.828
6.4011,4.548
6.4111,7.274
6.4211,3.983
6.4311,6.873
6.4411,1.813
6.4511,3.609
6.4611,3.043
6.4711,2.348
6.4811,-0.921
6.4911,-2.722
6.5011,-1.021
6.5111,-1.570
6.5211,3.163
6.5311,-0.995
6.5411,-3.481
6.5511,-2.665
6.5611,-6.330
6.5711,-5.536
6.5811,-3.621
6.5911,-6.082
6.6011,-6.004
6.6111,-3.853
6.6211,-0.169
6.6311,-0.691
6.6411,-0.085
6.6511,0.031
6.6611,0.448
6.6711,0.279
6.6811,1.335
6.6911,2.643
6.7011,2.732
6.7111,2.235
6.7211,4.794
6.7311,6.171
6.7411,4.230
6.7511,3.288
6.7611,0.200
6.7711,1.347
6.7811,1.485
6.7911,1.375
6.8011,2.588
6.8111,-0.754
6.8211,1.257
6.8311,-1.717
6.8411,-0.557
6.8511,-1.842
6.8611,0.794
6.8711,-2.365
6.8811,0.094
6.8911,-3.165
6.9012,-2.576
6.9112,-3.746
6.9212,-3.068
6.9312,-1.626
6.9412,-2.117
6.9512,-2.972
6.9612,0.419
6.9712,-0.975
6.9812,-1.536
6.9912,1.260
7.0012,-1.719
7.0112,2.015
7.0212,4.054
7.0312,1.873
7.0412,2.219
7.0512,4.376
7.0612,4.176
7.0712,0.697
7.0812,4.188
7.0912,4.541
7.1012,0.584
7.1112,1.799
7.1212,2.568
7.1312,2.356
7.1412,3.100
7.1512,2.710
7.1612,-2.786
7.1712,-2.688
7.1812,0.497
7.1912,0.291
7.2012,-1.321
7.2112,-3.296
7.2212,-1.420
7.2312,-0.753
7.2412,-3.144
7.2512,-1.509
7.2612,-3.330
7.2712,-4.704
7.2812,-2.562
7.2912,-1.635
7.3012,-2.477
7.3112,1.198
7.3212,0.974
7.3312,-2.106
7.3412,0.756
7.3512,-0.076
7.3612,0.259
7.3712,0.635
7.3812,0.519
7.3912,1.248
7.4012,-0.277
7.4112,1.768
7.4212,4.063
7.4312,6.789
7.4412,-0.202
7.4512,2.055
7.4612,1.830
7.4712,2.191
7.4812,0.168
7.4912,2.775
7.5013,-0.724
7.5113,-0.222
7.5213,-1.867
7.5313,0.056
7.5413,0.446
7.5513,-2.723
7.5613,-1.721
7.5713,-2.501
7.5813,-3.327
7.5913,-2.002
7.6013,-1.751
7.6113,1.345
7.6213,-3.391
7.6313,-0.639
7.6413,-1.956
7.6513,-1.032
7.6613,-2.843
7.6713,1.031
7.6813,2.369
7.6913,-0.122
7.7013,0.400
7.7113,1.290
7.7213,-0.304
7.7313,1.389
7.7413,1.202
7.7513,-0.863
7.7613,0.771
7.7713,1.120
7.7813,1.500
7.7913,0.892
7.8013,1.229
7.8113,-0.342
7.8213,2.255
7.8313,-0.384
7.8413,-0.848
7.8513,-0.767
7.8613,-1.509
7.8713,-2.739
7.8813,-0.233
7.8913,-0.089
7.9013,-1.240
7.9113,-1.121
7.9213,-0.215
7.9313,-0.333
7.9413,-2.678
7.9513,-4.721
7.9613,0.460
7.9713,-1.232
7.9813,2.764
7.9913,-0.255
8.0013,0.991
8.0113,-1.695
8.0213,0.717
8.0313,0.916
8.0413,5.265
8.0513,1.250
8.0613,1.666
8.0713,0.998
8.0813,-1.280
8.0913,-1.022
8.1014,-0.410
8.1114,0.445
8.1214,0.793
8.1314,-1.595
8.1414,0.981
8.1514,0.668
8.1614,-2.019
8.1714,-0.660
8.1814,-0.039
8.1914,-3.027
8.2014,0.570
8.2114,-1.128
8.2214,-1.067
8.2314,-1.132
8.2414,0.877
8.2514,-1.587
8.2614,-3.466
8.2714,-2.366
8.2814,-1.313
8.2914,2.039
8.3014,-0.048
8.3114,-1.369
8.3214,1.775
8.3314,1.558
8.3414,-0.752
8.3514,1.775
8.3614,2.007
8.3714,3.979
8.3814,-1.606
8.3914,4.775
8.4014,4.094
8.4114,0.190
8.4214,0.802
8.4314,1.339
8.4414,0.370
8.4514,1.292
8.4614,-1.029
8.4714,0.478
8.4814,1.427
8.4914,0.730
8.5014,-0.227
8.5114,0.005
8.5214,-0.365
8.5314,0.935
8.5414,0.015
8.5514,-0.898
8.5614,-4.419
8.5714,0.420
8.5814,1.752
8.5914,-0.749
8.6014,-0.728
8.6114,-1.031
8.6214,-0.653
8.6314,0.202
8.6414,-0.179
8.6514,-0.943
8.6614,0.336
8.6714,-0.357
8.6814,-0.470
8.6914,0.999
8.7015,1.922
8.7115,0.524
8.7215,0.120
8.7315,0.993
8.7415,0.741
8.7515,-1.184
8.7615,-1.057
8.7715,-2.007
8.7815,-0.368
8.7915,-1.156
8.8015,1.837
8.8115,-1.694
8.8215,2.155
8.8315,0.654
8.8415,0.016
8.8515,-1.507
8.8615,1.013
8.8715,-3.628
8.8815,-0.112
8.8915,0.403
8.9015,0.115
8.9115,1.233
8.9215,1.621
8.9315,1.592
8.9415,-0.435
8.9515,0.326
8.9615,0.427
8.9715,-0.829
8.9815,2.664
8.9915,0.861
9.0015,-0.001
9.0115,1.247
9.0215,1.115
9.0315,-0.526
9.0415,-1.255
9.0515,1.341
9.0615,0.332
9.0715,-0.853
9.0815,1.171
9.0915,2.667
9.1015,-2.665
9.1115,2.339
9.1215,1.666
9.1315,3.421
9.1415,0.129
9.1515,-0.676
9.1615,-1.178
9.1715,0.600
9.1815,-0.180
9.1915,1.048
9.2015,1.128
9.2115,1.895
9.2215,0.389
9.2315,0.794
9.2415,1.601
9.2515,-0.215
9.2615,0.848
9.2715,0.075
9.2815,1.495
9.2915,-0.924
9.3016,1.125
9.3116,-0.941
9.3216,0.273
9.3316,1.696
9.3416,1.919
9.3516,-0.287
9.3616,0.828
9.3716,-1.377
9.3816,2.612
9.3916,0.346
9.4016,0.677
9.4116,-2.365
9.4216,2.100
9.4316,0.954
9.4416,1.838
9.4516,0.853
9.4616,1.517
9.4716,2.301
9.4816,1.931
9.4916,-2.371
9.5016,0.275
9.5116,-0.297
9.5216,-0.165
9.5316,1.036
9.5416,0.690
9.5516,-0.069
9.5616,0.605
9.5716,-1.080
9.5816,-1.005
9.5916,2.627
9.6016,1.603
9.6116,-0.106
9.6216,3.015
9.6316,-2.259
9.6416,-1.577
9.6516,-1.459
9.6616,-0.344
9.6716,-0.240
9.6816,-0.048
9.6916,1.927
9.7016,2.136
9.7116,1.758
9.7216,0.404
9.7316,-2.331
9.7416,1.674
9.7516,-0.218
9.7616,3.265
9.7716,2.701
9.7816,0.911
9.7916,1.501
9.8016,1.288
9.8116,1.049
9.8216,0.890
9.8316,0.018
9.8416,-3.513
9.8516,-1.261
9.8616,0.439
9.8716,0.235
9.8816,0.082
9.8916,-0.307
9.9017,-0.836
9.9117,-1.357
9.9217,1.387
9.9317,0.461
9.9417,-1.948
9.9517,1.575
9.9617,-0.495
9.9717,0.378
9.9817,-0.961
9.9917,-0.053
10.0017,1.325
10.0117,0.758
10.0217,0.123
10.0317,2.994
10.0417,0.216
10.0517,2.744
10.0617,-2.182
10.0717,0.702
10.0817,0.225
10.0917,-0.212
10.1017,1.153
10.1117,0.155
10.1217,0.469
10.1317,0.378
10.1417,0.099
10.1517,1.552
10.1617,-1.252
10.1717,-0.547
10.1817,-1.021
10.1917,-1.082
10.2017,-1.185
10.2117,-1.836
10.2217,-0.539
10.2317,1.883
10.2417,1.602
10.2517,2.432
10.2617,-0.339
10.2717,1.224
10.2817,-0.769
10.2917,-0.506
10.3017,0.143
10.3117,-1.385
10.3217,1.406
10.3317,0.243
10.3417,1.025
10.3517,-0.006
10.3617,0.536
10.3717,1.426
10.3817,-1.631
10.3917,-2.409
10.4017,0.541
10.4117,1.210
10.4217,0.977
10.4317,0.066
10.4417,0.563
10.4517,-0.104
10.4617,0.137
10.4717,-0.444
10.4817,-1.297
10.4917,1.301
10.5018,-0.877
10.5118,0.850
10.5218,-0.621
10.5318,2.001
10.5418,-2.667
10.5518,0.405
10.5618,1.494
10.5718,-4.137
10.5818,2.187
10.5918,-1.195
10.6018,-0.284
10.6118,-0.916
10.6218,-2.251
10.6318,0.645
10.6418,0.697
10.6518,0.758
10.6618,-3.340
10.6718,0.183
10.6818,-1.593
10.6918,0.935
10.7018,-2.671
10.7118,-1.078
10.7218,1.508
10.7318,2.600
10.7418,-1.740
10.7518,1.039
10.7618,-0.246
10.7718,-2.698
10.7818,1.216
10.7918,1.596
10.8018,0.638
10.8118,3.293
10.8218,0.586
10.8318,-1.415
10.8418,0.458
10.8518,3.076
10.8618,0.203
10.8718,-1.213
10.8818,1.217
10.8918,0.813
10.9018,2.056
10.9118,-1.079
10.9218,0.531
10.9318,2.175
10.9418,1.174
10.9518,0.643
10.9618,1.264
10.9718,2.967
10.9818,-2.524
10.9918,-0.933
11.0018,-2.569
11.0118,0.267
11.0218,0.948
11.0318,0.726
11.0418,1.312
11.0518,-0.489
11.0618,-0.129
11.0718,-0.038
11.0818,0.958
11.0918,-1.726
11.1019,2.519
11.1119,-0.584
11.1219,-2.105
11.1319,1.369
11.1419,-1.969
11.1519,-0.604
11.1619,1.586
11.1719,-0.893
11.1819,1.635
11.1919,0.975
11.2019,-0.208
11.2119,-2.040
11.2219,-0.580
11.2319,-0.970
11.2419,0.831
11.2519,-1.825
11.2619,0.270
11.2719,1.580
11.2819,0.530
11.2919,-0.729
11.3019,-0.878
11.3119,-0.971
11.3219,0.865
11.3319,2.207
11.3419,-0.781
11.3519,0.358
11.3619,0.478
11.3719,1.849
11.3819,-1.316
11.3919,1.066
11.4019,2.591
11.4119,0.158
11.4219,0.644
11.4319,1.243
11.4419,0.561
11.4519,-0.768
11.4619,0.145
11.4719,1.902
11.4819,-2.516
11.4919,-0.020
11.5019,2.663
11.5119,2.194
11.5219,0.145
11.5319,0.174
11.5419,1.096
11.5519,-0.326
11.5619,1.211
11.5719,-0.277
11.5819,-2.400
11.5919,-2.130
11.6019,-1.764
11.6119,-0.960
11.6219,2.583
11.6319,1.948
11.6419,-1.079
11.6519,0.208
11.6619,-0.768
11.6719,-2.878
11.6819,-0.329
11.6919,-0.371
11.7020,1.671
11.7120,0.378
11.7220,1.695
11.7320,-2.527
11.7420,-2.190
11.7520,0.464
11.7620,-3.525
11.7720,-0.682
11.7820,-0.100
11.7920,-1.396
11.8020,-1.797
11.8120,0.153
11.8220,2.476
11.8320,1.940
11.8420,-0.515
11.8520,0.046
11.8620,2.260
11.8720,-0.125
11.8820,-0.585
11.8920,0.069
11.9020,1.501
11.9120,-1.207
11.9220,-2.314
11.9320,-0.979
11.9420,0.288
11.9520,2.727
11.9620,-0.287
11.9720,2.292
11.9820,-1.122
11.9920,-1.213
12.0020,-0.458
12.0120,0.679
12.0220,-0.355
12.0320,2.384
12.0420,2.940
12.0520,-2.491
12.0620,-2.090
12.0720,1.105
12.0820,-1.618
12.0920,1.131
12.1020,0.132
12.1120,2.113
12.1220,0.024
12.1320,3.053
12.1420,0.294
12.1520,-0.101
12.1620,1.502
12.1720,0.932
12.1820,0.972
12.1920,1.459
12.2020,1.582
12.2120,-0.460
12.2220,1.335
12.2320,0.063
12.2420,-1.260
12.2520,-1.979
12.2620,-0.643
12.2720,-0.112
12.2820,0.852
12.2920,-2.017
12.3021,3.077
12.3121,0.832
12.3221,-2.260
12.3321,1.411
12.3421,-0.208
12.3521,-0.413
12.3621,-1.369
12.3721,3.381
12.3821,2.192
12.3921,-0.698
12.4021,-0.932
12.4121,0.537
12.4221,1.449
12.4321,-0.953
12.4421,-0.059
12.4521,0.619
12.4621,0.728
12.4721,0.412
12.4821,-1.079
12.4921,0.412
12.5021,-0.781
12.5121,1.005
12.5221,0.001
12.5321,-0.846
12.5421,-0.351
12.5521,1.682
12.5621,-1.043
12.5721,0.504
12.5821,0.351
12.5921,0.466
12.6021,0.422
12.6121,3.663
12.6221,-0.968
12.6321,-0.481
12.6421,-1.071
12.6521,-1.975
12.6621,0.347
12.6721,-0.800
12.6821,-0.068
12.6921,-1.547
12.7021,-1.308
12.7121,-2.092
12.7221,0.153
12.7321,0.647
12.7421,0.255
12.7521,0.837
12.7621,-0.741
12.7721,-0.175
12.7821,-0.361
12.7921,-3.812
12.8021,1.395
12.8121,-0.214
12.8221,-0.144
12.8321,1.320
12.8421,-1.302
12.8521,-0.432
12.8621,2.395
12.8721,-0.334
12.8821,1.824
12.8921,1.250
12.9022,-0.441
12.9122,1.799
12.9222,-1.220
12.9322,-0.292
12.9422,0.155
12.9522,1.825
12.9622,0.902
12.9722,1.408
12.9822,0.224
12.9922,0.830
13.0022,-1.629
13.0122,1.781
13.0222,1.278
13.0322,-3.313
13.0422,3.023
13.0522,-1.395
13.0622,0.189
13.0722,-1.444
13.0822,2.267
13.0922,2.676
13.1022,-1.275
13.1122,-0.765
13.1222,2.598
13.1322,1.933
13.1422,-0.263
13.1522,0.279
13.1622,0.591
13.1722,-1.808
13.1822,0.736
13.1922,-0.611
13.2022,2.634
13.2122,-3.031
13.2222,2.649
13.2322,1.371
13.2422,-0.151
13.2522,-0.799
13.2622,1.771
13.2722,-0.989
13.2822,0.371
13.2922,2.392
13.3022,0.044
13.3122,-0.457
13.3222,-3.428
13.3322,-0.763
13.3422,-2.235
13.3522,0.060
13.3622,-1.633
13.3722,-1.614
13.3822,-1.450
13.3922,1.173
13.4022,0.108
13.4122,-2.977
13.4222,1.668
13.4322,0.463
13.4422,-0.378
13.4522,-1.709
13.4622,-1.321
13.4722,0.300
13.4822,1.589
13.4922,-0.069
13.5023,0.264
13.5123,0.379
13.5223,1.807
13.5323,-0.310
13.5423,1.229
13.5523,-0.102
13.5623,0.477
13.5723,-1.109
13.5823,-0.019
13.5923,-0.933
13.6023,-1.287
13.6123,-0.331
13.6223,-1.841
13.6323,-1.069
13.6423,1.452
13.6523,1.449
13.6623,0.788
13.6723,1.395
13.6823,-0.876
13.6923,-3.610
13.7023,1.471
13.7123,1.710
13.7223,3.318
13.7323,-0.030
13.7423,-1.832
13.7523,-1.423
13.7623,0.302
13.7723,-0.697
13.7823,-2.551
13.7923,0.750
13.8023,1.917
13.8123,1.460
13.8223,-2.041
13.8323,-0.011
13.8423,-3.365
13.8523,-1.166
13.8623,0.542
13.8723,0.084
13.8823,0.154
13.8923,-2.292
13.9023,1.803
13.9123,0.204
13.9223,-2.010
13.9323,-0.006
13.9423,1.352
13.9523,0.795
13.9623,-1.949
13.9723,1.716
13.9823,0.105
13.9923,1.343
14.0023,1.684
14.0123,0.332
14.0223,1.564
14.0323,0.854
14.0423,-1.464
14.0523,2.904
14.0623,0.103
14.0723,-1.590
14.0823,-3.185
14.0923,1.240
14.1024,2.384
14.1124,1.770
14.1224,-1.115
14.1324,0.114
14.1424,2.202
14.1524,0.710
14.1624,2.766
14.1724,1.513
14.1824,-0.678
14.1924,-2.614
14.2024,-0.011
14.2124,-2.161
14.2224,-0.736
14.2324,1.454
14.2424,-0.636
14.2524,-1.067
14.2624,1.317
14.2724,2.108
14.2824,-1.048
14.2924,-0.451
14.3024,-2.087
14.3124,-0.768
14.3224,-0.618
14.3324,-0.913
14.3424,-0.739
14.3524,-0.946
14.3624,0.089
14.3724,0.856
14.3824,0.941
14.3924,0.448
14.4024,-0.999
14.4124,0.487
14.4224,0.477
14.4324,-2.294
14.4424,-0.257
14.4524,-0.538
14.4624,0.811
14.4724,-0.114
14.4824,2.627
14.4924,-0.490
14.5024,-0.082
14.5124,1.609
14.5224,1.845
14.5324,-0.241
14.5424,-2.054
14.5524,-1.549
14.5624,-1.257
14.5724,1.166
14.5824,2.780
14.5924,-1.205
14.6024,-0.394
14.6124,0.843
14.6224,-0.268
14.6324,-2.229
14.6424,1.538
14.6524,0.070
14.6624,-0.126
14.6724,-0.896
14.6824,0.220
14.6924,-0.771
14.7025,-0.034
14.7125,3.136
14.7225,2.015
14.7325,-0.741
14.7425,-0.868
14.7525,0.022
14.7625,-0.284
14.7725,1.858
14.7825,1.286
14.7925,-0.265
14.8025,-1.659
14.8125,-1.102
14.8225,-1.901
14.8325,2.428
14.8425,-0.945
14.8525,1.262
14.8625,0.032
14.8725,-0.779
14.8825,-1.717
14.8925,-3.197
14.9025,-1.342
14.9125,-0.291
14.9225,-0.140
14.9325,1.391
14.9425,-0.631
14.9525,-1.383
14.9625,-2.394
14.9725,-0.198
14.9825,1.351
14.9925,3.606
15.0025,2.902
15.0125,1.684
15.0225,5.197
15.0325,9.556
15.0425,14.443
15.0525,14.696
15.0625,16.415
15.0725,17.531
15.0825,19.279
15.0925,22.781
15.1025,25.191
15.1125,26.323
15.1225,28.265
15.1325,27.552
15.1425,27.198
15.1525,29.351
15.1625,28.468
15.1725,28.484
15.1825,26.528
15.1925,27.447
15.2025,26.499
15.2125,26.351
15.2225,25.704
15.2325,23.365
15.2425,20.051
15.2525,18.382
15.2625,17.070
15.2725,14.021
15.2825,12.500
15.2925,9.478
15.3026,8.585
15.3126,4.636
15.3226,1.863
15.3326,0.214
15.3426,-2.427
15.3526,-4.501
15.3626,-4.730
15.3726,-8.367
15.3826,-14.135
15.3926,-15.186
15.4026,-14.426
15.4126,-15.377
15.4226,-20.096
15.4326,-23.374
15.4426,-21.645
15.4526,-24.017
15.4626,-26.894
15.4726,-24.486
15.4826,-26.716
15.4926,-28.077
15.5026,-24.896
15.5126,-28.239
15.5226,-23.000
15.5326,-24.096
15.5426,-23.062
15.5526,-23.719
15.5626,-21.566
15.5726,-19.760
15.5826,-15.806
15.5926,-14.518
15.6026,-15.841
15.6126,-12.357
15.6226,-11.470
15.6326,-9.523
15.6426,-3.752
15.6526,-6.076
15.6626,-2.628
15.6726,4.442
15.6826,1.565
15.6926,6.618
15.7026,10.402
15.7126,9.250
15.7226,12.557
15.7326,13.086
15.7426,17.814
15.7526,17.673
15.7626,18.201
15.7726,20.675
15.7826,20.878
15.7926,20.257
15.8026,22.283
15.8126,21.557
15.8226,21.561
15.8326,22.747
15.8426,23.382
15.8526,21.356
15.8626,22.050
15.8726,21.709
15.8826,21.118
15.8926,21.830
15.9027,15.916
15.9127,17.428
15.9227,12.680
15.9327,12.083
15.9427,14.073
15.9527,9.102
15.9627,5.824
15.9727,4.609
15.9827,4.538
15.9927,3.174
16.0027,-0.022
16.0127,-1.956
16.0227,-4.995
16.0327,-7.894
16.0427,-10.068
16.0527,-10.708
16.0627,-12.769
16.0727,-13.939
16.0827,-11.077
16.0927,-15.836
16.1027,-17.798
16.1127,-18.367
16.1227,-23.687
16.1327,-16.730
16.1427,-20.372
16.1527,-22.663
16.1627,-19.389
16.1727,-18.123
16.1827,-20.407
16.1927,-20.525
16.2027,-18.975
16.2127,-18.300
16.2227,-18.499
16.2327,-17.331
16.2427,-15.050
16.2527,-13.671
16.2627,-15.024
16.2727,-13.506
16.2827,-11.154
16.2927,-7.185
16.3027,-5.027
16.3127,-4.358
16.3227,0.375
16.3327,1.196
16.3427,2.457
16.3527,4.245
16.3627,4.549
16.3727,8.197
16.3827,8.128
16.3927,9.095
16.4027,10.172
16.4127,12.138
16.4227,15.544
16.4327,14.949
16.4427,16.903
16.4527,17.822
16.4627,17.106
16.4727,19.744
16.4827,19.251
16.4927,19.240
16.5028,18.843
16.5128,18.818
16.5228,14.977
16.5328,15.096
16.5428,15.314
16.5528,15.251
16.5628,15.197
16.5728,13.846
16.5828,13.678
16.5928,12.264
16.6028,11.968
16.6128,7.925
16.6228,5.107
16.6328,6.279
16.6428,6.255
16.6528,2.799
16.6628,1.166
16.6728,1.172
16.6828,-5.575
16.6928,-3.999
16.7028,-5.813
16.7128,-4.913
16.7228,-11.122
16.7328,-9.639
16.7428,-8.888
16.7528,-13.350
16.7628,-15.653
16.7728,-14.348
16.7828,-16.182
16.7928,-14.552
16.8028,-15.238
16.8128,-18.121
16.8228,-16.362
16.8328,-16.594
16.8428,-17.726
16.8528,-19.511
16.8628,-16.764
16.8728,-15.450
16.8828,-13.954
16.8928,-16.373
16.9028,-13.338
16.9128,-12.660
16.9228,-12.162
16.9328,-13.623
16.9428,-5.786
16.9528,-6.270
16.9628,-4.368
16.9728,-5.173
16.9828,-2.271
16.9928,-2.077
17.0028,0.019
17.0128,1.259
17.0228,1.480
17.0328,5.558
17.0428,5.599
17.0528,11.035
17.0628,11.254
17.0728,9.104
17.0828,11.248
17.0928,12.846
17.1029,9.858
17.1129,13.273
17.1229,12.387
17.1329,16.936
17.1429,13.807
17.1529,14.342
17.1629,19.284
17.1729,15.505
17.1829,14.607
17.1929,14.793
17.2029,14.977
17.2129,12.532
17.2229,12.962
17.2329,12.004
17.2429,12.820
17.2529,10.758
17.2629,9.824
17.2729,9.170
17.2829,7.835
17.2929,6.980
17.3029,2.788
17.3129,3.308
17.3229,2.535
17.3329,0.513
17.3429,-0.672
17.3529,-4.287
17.3629,-2.833
17.3729,-10.335
17.3829,-3.544
17.3929,-8.731
17.4029,-8.601
17.4129,-6.443
17.4229,-9.197
17.4329,-12.892
17.4429,-12.297
17.4529,-13.912
17.4629,-16.121
17.4729,-15.631
17.4829,-14.476
17.4929,-11.529
17.5029,-16.065
17.5129,-14.969
17.5229,-13.342
17.5329,-13.140
17.5429,-13.151
17.5529,-8.897
17.5629,-9.377
17.5729,-11.075
17.5829,-7.969
17.5929,-9.641
17.6029,-5.357
17.6129,-7.491
17.6229,-5.993
17.6329,-7.474
17.6429,-3.661
17.6529,-1.779
17.6629,-2.000
17.6729,2.332
17.6829,0.666
17.6929,3.703
17.7030,6.560
17.7130,9.177
17.7230,8.964
17.7330,7.075
17.7430,7.768
17.7530,10.679
17.7630,11.658
17.7730,11.584
17.7830,11.375
17.7930,11.446
17.8030,12.610
17.8130,13.296
17.8230,14.258
17.8330,13.848
17.8430,13.639
17.8530,11.779
17.8630,12.560
17.8730,14.133
17.8830,12.527
17.8930,11.045
17.9030,9.055
17.9130,9.470
17.9230,9.481
17.9330,8.482
17.9430,6.613
17.9530,7.567
17.9630,7.165
17.9730,0.180
17.9830,2.119
17.9930,0.452
18.0030,-2.884
18.0130,-1.150
18.0230,-3.404
18.0330,-4.162
18.0430,-5.054
18.0530,-4.723
18.0630,-8.159
18.0730,-8.332
18.0830,-7.147
18.0930,-8.627
18.1030,-11.243
18.1130,-8.240
18.1230,-9.183
18.1330,-12.953
18.1430,-12.229
18.1530,-10.038
18.1630,-9.853
18.1730,-12.944
18.1830,-12.630
18.1930,-11.699
18.2030,-11.762
18.2130,-10.776
18.2230,-9.396
18.2330,-10.091
18.2430,-9.024
18.2530,-7.955
18.2630,-6.012
18.2730,-8.371
18.2830,-5.201
18.2930,-4.996
18.3031,-4.393
18.3131,-1.638
18.3231,-0.248
18.3331,1.892
18.3431,1.817
18.3531,2.033
18.3631,4.924
18.3731,2.395
18.3831,7.149
18.3931,6.976
18.4031,5.037
18.4131,4.552
18.4231,6.750
18.4331,7.129
18.4431,9.781
18.4531,8.965
18.4631,7.221
18.4731,9.826
18.4831,10.371
18.4931,11.924
18.5031,9.726
18.5131,12.810
18.5231,8.556
18.5331,8.177
18.5431,7.246
18.5531,5.741
18.5631,9.038
18.5731,11.242
18.5831,6.560
18.5931,7.561
18.6031,3.771
18.6131,4.521
18.6231,1.881
18.6331,2.931
18.6431,6.284
18.6531,0.347
18.6631,0.606
18.6731,0.498
18.6831,-2.604
18.6931,-3.236
18.7031,-1.772
18.7131,-2.802
18.7231,-0.933
18.7331,-5.213
18.7431,-4.942
18.7531,-5.236
18.7631,-9.654
18.7731,-6.726
18.7831,-8.037
18.7931,-7.785
18.8031,-8.773
18.8131,-9.600
18.8231,-9.112
18.8331,-10.943
18.8431,-9.923
18.8531,-8.376
18.8631,-8.928
18.8731,-8.636
18.8831,-10.117
18.8931,-7.224
18.9032,-8.431
18.9132,-6.468
18.9232,-7.432
18.9332,-3.570
18.9432,-5.218
18.9532,-2.353
18.9632,-3.548
18.9732,-3.529
18.9832,-3.683
18.9932,0.514
19.0032,-0.902
19.0132,1.224
19.0232,2.783
19.0332,3.365
19.0432,-0.695
19.0532,3.612
19.0632,2.824
19.0732,5.323
19.0832,5.177
19.0932,5.973
19.1032,6.291
19.1132,5.234
19.1232,7.839
19.1332,10.199
19.1432,7.409
19.1532,10.867
19.1632,7.701
19.1732,9.127
19.1832,7.567
19.1932,9.243
19.2032,10.454
19.2132,7.439
19.2232,9.983
19.2332,5.246
19.2432,4.152
19.2532,4.396
19.2632,4.999
19.2732,4.641
19.2832,2.160
19.2932,3.934
19.3032,-0.266
19.3132,-0.286
19.3232,2.557
19.3332,0.415
19.3432,-2.842
19.3532,-4.459
19.3632,-3.143
19.3732,-3.002
19.3832,-4.198
19.3932,-4.786
19.4032,-6.954
19.4132,-4.590
19.4232,-7.216
19.4332,-4.279
19.4432,-6.997
19.4532,-8.339
19.4632,-9.686
19.4732,-6.228
19.4832,-10.874
19.4932,-8.512
19.5033,-6.668
19.5133,-6.957
19.5233,-7.901
19.5333,-8.622
19.5433,-8.996
19.5533,-7.331
19.5633,-5.904
19.5733,-3.593
19.5833,-2.898
19.5933,-5.709
19.6033,-3.357
19.6133,-2.058
19.6233,-5.119
19.6333,0.083
19.6433,-0.855
19.6533,-2.580
19.6633,-0.094
19.6733,1.449
19.6833,0.034
19.6933,2.495
19.7033,4.356
19.7133,1.531
19.7233,2.468
19.7333,4.095
19.7433,4.427
19.7533,5.084
19.7633,8.263
19.7733,6.004
19.7833,7.960
19.7933,6.401
19.8033,7.342
19.8133,7.660
19.8233,4.790
19.8333,7.708
19.8433,7.261
19.8533,6.001
19.8633,4.331
19.8733,8.467
19.8833,6.881
19.8933,5.698
19.9033,4.617
19.9133,6.712
19.9233,3.630
19.9333,4.146
19.9433,3.798
19.9533,2.768
19.9633,3.387
19.9733,0.633
19.9833,3.323
19.9933,-1.143
20.0033,0.011
20.0133,-1.239
20.0233,-0.764
20.0333,-2.010
20.0433,-2.736
20.0533,-1.993
20.0633,-2.538
20.0733,-4.897
20.0833,-3.414
20.0933,-5.389
20.1034,-6.410
20.1134,-3.879
20.1234,-4.909
20.1334,-6.121
20.1434,-7.726
20.1534,-8.246
20.1634,-4.593
20.1734,-5.408
20.1834,-8.565
20.1934,-5.094
20.2034,-7.263
20.2134,-6.733
20.2234,-5.920
20.2334,-8.810
20.2434,-3.817
20.2534,-5.446
20.2634,-4.475
20.2734,-5.852
20.2834,-5.326
20.2934,-1.777
20.3034,-0.033
20.3134,-2.077
20.3234,-1.774
20.3334,-1.321
20.3434,1.960
20.3534,3.451
20.3634,-0.385
20.3734,2.616
20.3834,5.232
20.3934,3.138
20.4034,6.630
20.4134,3.861
20.4234,4.539
20.4334,4.530
20.4434,4.142
20.4534,2.624
20.4634,6.409
20.4734,8.020
20.4834,6.731
20.4934,6.092
20.5034,6.720
20.5134,3.989
20.5234,5.750
20.5334,6.755
20.5434,5.954
20.5534,6.235
20.5634,6.008
20.5734,5.895
20.5834,4.206
20.5934,5.835
20.6034,4.081
20.6134,4.502
20.6234,2.187
20.6334,1.444
20.6434,-0.123
20.6534,1.333
20.6634,1.121
20.6734,-0.924
20.6834,-0.738
20.6934,0.169
20.7035,-3.595
20.7135,-3.475
20.7235,-3.495
20.7335,-3.464
20.7435,-4.763
20.7535,-3.449
20.7635,-6.602
20.7735,-3.789
20.7835,-4.595
20.7935,-6.112
20.8035,-4.454
20.8135,-2.732
20.8235,-5.259
20.8335,-3.259
20.8435,-3.878
20.8535,-5.695
20.8635,-4.497
20.8735,-3.041
20.8835,-3.823
20.8935,-5.729
20.9035,-2.473
20.9135,-6.494
20.9235,-5.923
20.9335,-2.783
20.9435,-3.391
20.9535,-1.814
20.9635,0.898
20.9735,-0.457
20.9835,0.996
20.9935,-0.872
21.0035,1.034
21.0135,-2.993
21.0235,0.928
21.0335,0.610
21.0435,3.719
21.0535,0.370
21.0635,2.867
21.0735,1.104
21.0835,3.643
21.0935,4.096
21.1035,3.037
21.1135,1.638
21.1235,3.608
21.1335,4.437
21.1435,6.554
21.1535,7.943
21.1635,5.518
21.1735,4.795
21.1835,5.051
21.1935,4.835
21.2035,5.523
21.2135,1.299
21.2235,6.312
21.2335,6.516
21.2435,2.335
21.2535,1.992
21.2635,1.618
21.2735,3.629
21.2835,2.598
21.2935,2.252
21.3036,3.520
21.3136,-4.380
21.3236,1.178
21.3336,-0.812
21.3436,0.687
21.3536,-1.104
21.3636,-3.560
21.3736,-1.363
21.3836,-3.408
21.3936,-1.565
21.4036,-0.508
21.4136,-3.390
21.4236,-1.908
21.4336,-3.838
21.4436,-5.021
21.4536,-5.989
21.4636,-5.135
21.4736,-3.828
21.4836,-3.044
21.4936,-4.601
21.5036,-3.710
21.5136,-2.111
21.5236,-4.188
21.5336,-2.881
21.5436,-4.150
21.5536,-2.920
21.5636,-3.445
21.5736,-6.388
21.5836,-2.918
21.5936,-1.051
21.6036,-4.109
21.6136,-1.887
21.6236,-3.592
21.6336,0.371
21.6436,-0.982
21.6536,-2.886
21.6636,1.969
21.6736,-2.772
21.6836,1.078
21.6936,1.876
21.7036,-0.653
21.7136,1.822
21.7236,1.411
21.7336,1.300
21.7436,3.250
21.7536,0.730
21.7636,2.372
21.7736,3.199
21.7836,4.892
21.7936,2.285
21.8036,4.347
21.8136,3.840
21.8236,6.132
21.8336,4.864
21.8436,3.639
21.8536,3.999
21.8636,4.416
21.8736,4.357
21.8836,5.276
21.8936,6.285
21.9037,4.367
21.9137,1.458
21.9237,1.333
21.9337,1.085
21.9437,0.605
21.9537,1.660
21.9637,4.431
21.9737,0.173
21.9837,-0.205
21.9937,2.063
22.0037,-1.871
22.0137,-3.539
22.0237,-0.488
22.0337,-0.146
22.0437,-3.037
22.0537,-0.289
22.0637,-2.397
22.0737,-2.757
22.0837,-2.844
22.0937,-2.546
22.1037,-3.316
22.1137,-1.208
22.1237,-3.294
22.1337,0.165
22.1437,-2.052
22.1537,-1.923
22.1637,-4.934
22.1737,-4.972
22.1837,-3.609
22.1937,-2.389
22.2037,-2.386
22.2137,-3.676
22.2237,-2.934
22.2337,-2.334
22.2437,-1.889
22.2537,-2.375
22.2637,-1.549
22.2737,-2.895
22.2837,-3.066
22.2937,2.229
22.3037,0.089
22.3137,1.410
22.3237,-1.171
22.3337,-0.235
22.3437,0.932
22.3537,1.937
22.3637,1.334
22.3737,0.191
22.3837,1.306
22.3937,0.483
22.4037,2.655
22.4137,2.206
22.4237,0.424
22.4337,2.769
22.4437,4.016
22.4537,2.476
22.4637,2.909
22.4737,3.109
22.4837,2.647
22.4937,4.037
22.5038,4.044
22.5138,3.250
22.5238,2.906
22.5338,4.910
22.5438,4.962
22.5538,3.491
22.5638,1.391
22.5738,0.904
22.5838,0.575
22.5938,1.599
22.6038,0.774
22.6138,2.424
22.6238,3.004
22.6338,0.518
22.6438,-0.323
22.6538,-1.310
22.6638,-0.002
22.6738,-1.099
22.6838,0.508
22.6938,-1.096
22.7038,-2.783
22.7138,0.060
22.7238,-1.625
22.7338,-1.250
22.7438,-0.684
22.7538,-4.271
22.7638,-2.755
22.7738,-2.364
22.7838,-2.632
22.7938,-1.581
22.8038,-3.645
22.8138,-2.594
22.8238,-0.244
22.8338,-3.056
22.8438,-5.092
22.8538,-2.556
22.8638,-1.824
22.8738,-1.555
22.8838,-1.808
22.8938,-3.315
22.9038,-1.515
22.9138,-3.170
22.9238,-0.253
22.9338,0.984
22.9438,1.422
22.9538,-0.456
22.9638,0.752
22.9738,-0.955
22.9838,-0.204
22.9938,-1.009
23.0038,-1.701
23.0138,-0.064
23.0238,0.783
23.0338,2.254
23.0438,1.226
23.0538,2.356
23.0638,-0.269
23.0738,1.971
23.0838,0.060
23.0938,2.363
23.1039,0.115
23.1139,3.066
23.1239,3.610
23.1339,0.384
23.1439,2.000
23.1539,2.267
23.1639,3.521
23.1739,5.583
23.1839,2.174
23.1939,0.079
23.2039,2.163
23.2139,1.578
23.2239,2.317
23.2339,2.077
23.2439,2.673
23.2539,1.358
23.2639,2.327
23.2739,0.025
23.2839,2.472
23.2939,1.354
23.3039,0.264
23.3139,-0.083
23.3239,-0.138
23.3339,1.791
23.3439,1.288
23.3539,-1.701
23.3639,-2.237
23.3739,-1.419
23.3839,-3.974
23.3939,-2.067
23.4039,2.475
23.4139,-3.729
23.4239,0.005
23.4339,-2.781
23.4439,-1.511
23.4539,-2.327
23.4639,-2.646
23.4739,-3.101
23.4839,-3.522
23.4939,-1.186
23.5039,-3.634
23.5139,-3.117
23.5239,-4.048
23.5339,-1.604
23.5439,-1.631
23.5539,-3.415
23.5639,-2.846
23.5739,2.167
23.5839,0.063
23.5939,0.958
23.6039,-1.262
23.6139,0.140
23.6239,-2.073
23.6339,1.073
23.6439,1.158
23.6539,-1.919
23.6639,-0.896
23.6739,-0.228
23.6839,-1.455
23.6939,1.054
23.7040,-1.132
23.7140,0.003
23.7240,2.328
23.7340,2.107
23.7440,2.769
23.7540,1.358
23.7640,3.959
23.7740,1.428
23.7840,0.971
23.7940,-0.392
23.8040,2.496
23.8140,0.772
23.8240,0.749
23.8340,1.351
23.8440,0.660
23.8540,2.432
23.8640,1.806
23.8740,2.305
23.8840,3.204
23.8940,1.288
23.9040,1.062
23.9140,1.002
23.9240,1.151
23.9340,1.094
23.9440,1.097
23.9540,-0.990
23.9640,3.816
23.9740,-1.798
23.9840,-2.402
23.9940,1.399
24.0040,0.225
24.0140,0.239
24.0240,-4.786
24.0340,-1.535
24.0440,2.777
24.0540,0.956
24.0640,-2.921
24.0740,2.178
24.0840,-1.817
24.0940,2.002
24.1040,0.754
24.1140,-0.309
24.1240,-1.371
24.1340,-2.181
24.1440,0.266
24.1540,-2.558
24.1640,-1.703
24.1740,-1.522
24.1840,-2.205
24.1940,-1.318
24.2040,-1.220
24.2140,-1.665
24.2240,-1.952
24.2340,0.193
24.2440,2.029
24.2540,-0.889
24.2640,1.194
24.2740,0.460
24.2840,-1.774
24.2940,1.277
24.3041,-4.389
24.3141,-3.491
24.3241,1.911
24.3341,2.757
24.3441,0.154
24.3541,-2.611
24.3641,-0.783
24.3741,0.320
24.3841,1.282
24.3941,0.446
24.4041,2.271
24.4141,-0.340
24.4241,-0.453
24.4341,0.995
24.4441,-1.516
24.4541,-1.166
24.4641,0.267
24.4741,1.491
24.4841,0.209
24.4941,3.740
24.5041,0.320
24.5141,0.351
24.5241,0.431
24.5341,2.657
24.5441,3.909
24.5541,3.135
24.5641,-0.039
24.5741,1.945
24.5841,3.112
24.5941,3.853
24.6041,1.007
24.6141,0.895
24.6241,1.725
24.6341,-1.638
24.6441,-0.341
24.6541,0.660
24.6641,1.494
24.6741,-0.376
24.6841,0.495
24.6941,-1.956
24.7041,-0.852
24.7141,-0.035
24.7241,-1.256
24.7341,-4.145
24.7441,1.052
24.7541,-0.354
24.7641,-3.346
24.7741,-3.443
24.7841,0.508
24.7941,0.691
24.8041,-2.313
24.8141,-2.371
24.8241,0.225
24.8341,-3.654
24.8441,0.103
24.8541,1.125
24.8641,0.881
24.8741,0.456
24.8841,-0.590
24.8941,0.058
24.9042,-3.110
24.9142,1.877
24.9242,0.589
24.9342,0.827
24.9442,-1.141
24.9542,-0.220
24.9642,-2.533
24.9742,-2.677
24.9842,-0.979
24.9942,2.173
25.0042,1.383
25.0142,1.074
25.0242,1.125
25.0342,-1.385
25.0442,-0.585
25.0542,2.321
25.0642,-0.590
25.0742,2.463
25.0842,1.699
25.0942,2.616
25.1042,0.267
25.1142,1.448
25.1242,1.349
25.1342,1.630
25.1442,0.753
25.1542,1.367
25.1642,1.488
25.1742,1.141
25.1842,-0.277
25.1942,3.011
25.2042,1.847
25.2142,1.983
25.2242,2.531
25.2342,0.643
25.2442,0.827
25.2542,-0.214
25.2642,-0.917
25.2742,-0.802
25.2842,0.098
25.2942,0.031
25.3042,0.570
25.3142,5.011
25.3242,0.945
25.3342,0.434
25.3442,-0.253
25.3542,-0.439
25.3642,0.838
25.3742,1.256
25.3842,-0.499
25.3942,1.255
25.4042,-0.237
25.4142,-0.839
25.4242,-0.273
25.4342,-2.107
25.4442,-1.671
25.4542,-2.533
25.4642,-1.834
25.4742,-2.036
25.4842,1.596
25.4942,-1.445
25.5043,0.303
25.5143,-2.896
25.5243,-2.879
25.5343,-2.156
25.5443,-0.802
25.5543,1.389
25.5643,-3.891
25.5743,-1.290
25.5843,0.521
25.5943,-0.829
25.6043,1.434
25.6143,0.412
25.6243,0.186
25.6343,-0.225
25.6443,-2.215
25.6543,1.054
25.6643,1.773
25.6743,-0.646
25.6843,0.958
25.6943,0.845
25.7043,2.442
25.7143,-0.298
25.7243,1.205
25.7343,1.260
25.7443,0.217
25.7543,-1.721
25.7643,1.367
25.7743,4.053
25.7843,4.825
25.7943,1.606
25.8043,0.108
25.8143,2.222
25.8243,0.556
25.8343,3.100
25.8443,0.848
25.8543,-0.129
25.8643,1.661
25.8743,2.359
25.8843,2.555
25.8943,-0.313
25.9043,0.990
25.9143,-0.149
25.9243,1.074
25.9343,0.173
25.9443,1.876
25.9543,-1.343
25.9643,0.748
25.9743,-0.588
25.9843,1.984
25.9943,-2.960
26.0043,-0.871
26.0143,-2.086
26.0243,-1.064
26.0343,0.835
26.0443,-1.291
26.0543,0.997
26.0643,-0.266
26.0743,1.390
26.0843,-0.615
26.0943,0.036
26.1044,0.300
26.1144,-1.140
26.1244,-0.468
26.1344,0.989
26.1444,-1.225
26.1544,-0.467
26.1644,0.021
26.1744,1.100
26.1844,-3.462
26.1944,-0.499
26.2044,-1.200
26.2144,-0.877
26.2244,-0.204
26.2344,-1.387
26.2444,-2.753
26.2544,0.979
26.2644,0.595
26.2744,0.749
26.2844,0.352
26.2944,1.076
26.3044,1.334
26.3144,-0.538
26.3244,2.052
26.3344,0.784
26.3444,-1.367
26.3544,-1.611
26.3644,1.851
26.3744,1.958
26.3844,2.151
26.3944,-2.209
26.4044,3.207
26.4144,-0.440
26.4244,0.997
26.4344,2.274
26.4444,1.640
26.4544,0.615
26.4644,-0.879
26.4744,1.550
26.4844,1.914
26.4944,3.512
26.5044,-2.142
26.5144,0.560
26.5244,0.723
26.5344,3.386
26.5444,-0.495
26.5544,1.632
26.5644,-0.064
26.5744,1.383
26.5844,0.353
26.5944,0.279
26.6044,-1.239
26.6144,-2.119
26.6244,-0.042
26.6344,-1.344
26.6444,0.639
26.6544,0.791
26.6644,1.645
26.6744,3.155
26.6844,-1.285
26.6944,-1.624
26.7045,-1.087
26.7145,2.423
26.7245,-2.258
26.7345,-1.476
26.7445,-0.104
26.7545,-0.512
26.7645,1.622
26.7745,0.045
26.7845,-0.997
26.7945,-1.951
26.8045,0.424
26.8145,-1.579
26.8245,-0.893
26.8345,-1.223
26.8445,-2.209
26.8545,-1.681
26.8645,1.180
26.8745,-0.762
26.8845,-0.462
26.8945,-1.379
26.9045,-0.848
26.9145,0.463
26.9245,0.526
26.9345,-2.167
26.9445,-2.095
26.9545,-1.054
26.9645,0.067
26.9745,-1.225
26.9845,-2.129
26.9945,1.292
27.0045,0.687
27.0145,-0.086
27.0245,0.981
27.0345,2.198
27.0445,-0.595
27.0545,-2.617
27.0645,-2.725
27.0745,-1.294
27.0845,0.070
27.0945,1.184
27.1045,0.234
27.1145,1.426
27.1245,0.788
27.1345,-1.232
27.1445,-0.161
27.1545,-0.434
27.1645,-0.965
27.1745,1.519
27.1845,-0.977
27.1945,1.159
27.2045,-0.305
27.2145,0.316
27.2245,2.700
27.2345,0.784
27.2445,-1.031
27.2545,-0.081
27.2645,-1.069
27.2745,0.873
27.2845,-1.496
27.2945,0.322
27.3046,0.955
27.3146,-1.654
27.3246,-3.128
27.3346,-3.091
27.3446,0.908
27.3546,0.369
27.3646,0.319
27.3746,0.428
27.3846,-0.526
27.3946,0.533
27.4046,-1.061
27.4146,0.646
27.4246,-3.227
27.4346,2.433
27.4446,-2.717
27.4546,0.241
27.4646,-2.341
27.4746,0.975
27.4846,-2.833
27.4946,1.224
27.5046,0.955
27.5146,-1.054
27.5246,-0.126
27.5346,-0.227
27.5446,0.344
27.5546,3.515
27.5646,-2.226
27.5746,-0.568
27.5846,-1.534
27.5946,-0.687
27.6046,1.017
27.6146,0.265
27.6246,0.305
27.6346,-1.726
27.6446,-1.144
27.6546,-1.805
27.6646,1.084
27.6746,-0.973
27.6846,-1.084
27.6946,0.406
27.7046,0.508
27.7146,0.982
27.7246,0.304
27.7346,1.417
27.7446,-0.200
27.7546,3.386
27.7646,0.738
27.7746,1.318
27.7846,-0.759
27.7946,1.061
27.8046,1.616
27.8146,1.500
27.8246,-0.449
27.8346,0.879
27.8446,2.376
27.8546,0.680
27.8646,-0.010
27.8746,-0.520
27.8846,-0.948
27.8946,0.556
27.9047,-0.816
27.9147,-1.359
27.9247,0.881
27.9347,-0.784
27.9447,-1.418
27.9547,1.147
27.9647,-1.285
27.9747,2.608
27.9847,-1.199
27.9947,-1.098
28.0047,0.797
28.0147,1.060
28.0247,-0.172
28.0347,-0.364
28.0447,-0.093
28.0547,1.625
28.0647,-0.734
28.0747,-0.077
28.0847,0.315
28.0947,0.710
28.1047,-2.238
28.1147,-2.733
28.1247,-2.236
28.1347,0.577
28.1447,-0.944
28.1547,-2.146
28.1647,-0.056
28.1747,-0.799
28.1847,-1.929
28.1947,2.742
28.2047,-3.265
28.2147,-2.724
28.2247,-1.855
28.2347,0.299
28.2447,-2.720
28.2547,-0.359
28.2647,-2.098
28.2747,-0.406
28.2847,-1.962
28.2947,-0.270
28.3047,0.168
28.3147,-0.923
28.3247,-1.037
28.3347,-0.912
28.3447,0.863
28.3547,-0.276
28.3647,1.711
28.3747,-0.165
28.3847,1.287
28.3947,1.956
28.4047,-2.410
28.4147,-0.495
28.4247,-0.307
28.4347,2.435
28.4447,1.306
28.4547,-2.572
28.4647,-0.150
28.4747,1.968
28.4847,0.684
28.4947,-0.118
28.5048,-0.593
28.5148,0.207
28.5248,0.275
28.5348,-0.636
28.5448,-1.220
28.5548,-0.477
28.5648,0.954
28.5748,-0.712
28.5848,1.921
28.5948,1.123
28.6048,-2.262
28.6148,-0.278
28.6248,-1.175
28.6348,1.672
28.6448,1.336
28.6548,-2.432
28.6648,-0.489
28.6748,1.463
28.6848,1.367
28.6948,2.348
28.7048,-1.547
28.7148,1.415
28.7248,-0.432
28.7348,1.556
28.7448,0.759
28.7548,1.340
28.7648,-1.163
28.7748,0.107
28.7848,-1.043
28.7948,-0.784
28.8048,0.658
28.8148,0.284
28.8248,3.708
28.8348,-1.354
28.8448,2.393
28.8548,1.060
28.8648,0.743
28.8748,-2.045
28.8848,0.267
28.8948,0.916
28.9048,0.736
28.9148,1.826
28.9248,2.410
28.9348,2.654
28.9448,0.827
28.9548,-2.017
28.9648,0.575
28.9748,0.032
28.9848,-1.585
28.9948,-2.076
29.0048,1.571
29.0148,-0.991
29.0248,-1.844
29.0348,-0.548
29.0448,2.407
29.0548,0.645
29.0648,-1.190
29.0748,2.639
29.0848,-0.932
29.0948,1.087
29.1049,0.652
29.1149,0.431
29.1249,-0.084
29.1349,0.260
29.1449,2.377
29.1549,0.581
29.1649,0.353
29.1749,1.600
29.1849,-0.562
29.1949,0.549
29.2049,-0.281
29.2149,1.050
29.2249,-2.911
29.2349,-1.978
29.2449,0.894
29.2549,1.611
29.2649,3.744
29.2749,0.468
29.2849,1.572
29.2949,-1.595
29.3049,0.458
29.3149,1.707
29.3249,0.811
29.3349,-0.103
29.3449,0.626
29.3549,0.888
29.3649,-1.920
29.3749,1.269
29.3849,0.367
29.3949,-3.288
29.4049,-0.203
29.4149,-0.490
29.4249,-1.020
29.4349,1.550
29.4449,-0.804
29.4549,0.441
29.4649,-1.648
29.4749,-3.384
29.4849,-1.091
29.4949,0.298
29.5049,-2.875
29.5149,1.984
29.5249,-0.750
29.5349,-0.773
29.5449,-1.818
29.5549,-0.251
29.5649,0.410
29.5749,-2.712
29.5849,0.625
29.5949,-0.139
29.6049,0.820
29.6149,-0.323
29.6249,-2.726
29.6349,1.544
29.6449,-0.362
29.6549,-0.040
29.6649,-1.064
29.6749,-2.395
29.6849,2.155
29.6949,3.299
29.7050,-0.800
29.7150,-0.233
29.7250,-0.270
29.7350,2.076
29.7450,1.044
29.7550,1.275
29.7650,-0.766
29.7750,1.505
29.7850,2.715
29.7950,1.145
29.8050,1.172
29.8150,1.355
29.8250,-1.335
29.8350,2.424
29.8450,3.357
29.8550,0.081
29.8650,-0.893
29.8750,-0.201
29.8850,3.235
29.8950,-0.857
29.9050,-0.094
29.9150,-0.838
29.9250,1.399
29.9350,0.308
29.9450,-1.282
29.9550,-1.799
29.9650,1.037
29.9750,0.666
29.9850,-1.121
29.9950,0.193
30.0050,-0.153
30.0150,2.573
30.0250,-1.546
30.0350,0.290
30.0450,-3.996
30.0550,0.006
30.0650,1.148
30.0750,0.180
30.0850,-1.449
30.0950,-1.080
30.1050,-0.818
30.1150,-0.738
30.1250,-2.669
30.1350,-2.723
30.1450,0.162
30.1550,3.031
30.1650,-1.004
30.1750,-2.723
30.1850,1.664
30.1950,-0.409
30.2050,-0.504
30.2150,-1.316
30.2250,-0.111
30.2350,-2.050
30.2450,2.031
30.2550,-2.696
30.2650,2.447
30.2750,0.925
30.2850,-1.493
30.2950,-0.137
30.3051,-0.070
30.3151,0.998
30.3251,-0.494
30.3351,2.185
30.3451,-0.417
30.3551,1.700
30.3651,4.617
30.3751,-0.741
30.3851,-1.056
30.3951,-0.663
30.4051,0.322
30.4151,1.743
30.4251,0.815
30.4351,-0.859
30.4451,-0.382
30.4551,0.271
30.4651,-0.622
30.4751,-0.923
30.4851,0.526
30.4951,0.756
30.5051,0.889
30.5151,-2.681
30.5251,0.721
30.5351,1.777
30.5451,-0.203
30.5551,-0.403
30.5651,-1.450
30.5751,-1.136
30.5851,-0.059
30.5951,-1.766
30.6051,-1.413
30.6151,-0.154
30.6251,-0.535
30.6351,0.029
30.6451,0.566
30.6551,1.229
30.6651,0.234
30.6751,-1.817
30.6851,0.088
30.6951,-0.928
30.7051,-1.146
30.7151,-0.374
30.7251,-0.290
30.7351,-0.967
30.7451,2.487
30.7551,0.498
30.7651,2.143
30.7751,-1.560
30.7851,0.678
30.7951,-1.159
30.8051,1.167
30.8151,-1.332
30.8251,1.376
30.8351,-0.561
30.8451,-1.465
30.8551,-0.818
30.8651,-2.665
30.8751,1.570
30.8851,1.512
30.8951,0.646
30.9052,-0.526
30.9152,1.589
30.9252,0.433
30.9352,1.327
30.9452,-2.602
30.9552,0.124
30.9652,1.408
30.9752,-2.084
30.9852,0.145
30.9952,-1.452
31.0052,0.168
31.0152,-0.288
31.0252,0.008
31.0352,-2.965
31.0452,0.994
31.0552,-1.595
31.0652,-0.851
31.0752,1.842
31.0852,2.223
31.0952,-0.978
31.1052,2.537
31.1152,0.796
31.1252,-1.797
31.1352,-2.174
31.1452,-0.841
31.1552,-0.691
31.1652,-1.893
31.1752,2.319
31.1852,-3.811
31.1952,-0.275
31.2052,1.369
31.2152,-0.672
31.2252,1.335
31.2352,1.659
31.2452,-0.001
31.2552,-0.297
31.2652,0.799
31.2752,2.196
31.2852,-1.596
31.2952,-0.726
31.3052,0.601
31.3152,-1.943
31.3252,2.835
31.3352,1.516
31.3452,0.126
31.3552,-2.581
31.3652,0.868
31.3752,0.915
31.3852,0.350
31.3952,2.368
31.4052,-0.743
31.4152,0.448
31.4252,-0.203
31.4352,-0.386
31.4452,0.376
31.4552,-0.547
31.4652,0.486
31.4752,0.215
31.4852,-1.759
31.4952,0.298
31.5053,0.053
31.5153,-0.807
31.5253,-1.184
31.5353,-0.375
31.5453,-2.062
31.5553,0.297
31.5653,-0.429
31.5753,2.155
31.5853,-2.540
31.5953,0.320
31.6053,-2.703
31.6153,-1.937
31.6253,0.929
31.6353,0.349
31.6453,0.933
31.6553,0.942
31.6653,-0.889
31.6753,3.807
31.6853,-0.727
31.6953,0.452
31.7053,1.471
31.7153,0.302
31.7253,-0.285
31.7353,-0.370
31.7453,-0.359
31.7553,-0.429
31.7653,1.443
31.7753,-0.749
31.7853,1.563
31.7953,-1.005
31.8053,1.927
31.8153,3.021
31.8253,0.482
31.8353,2.051
31.8453,-3.101
31.8553,2.153
31.8653,0.684
31.8753,1.633
31.8853,1.979
31.8953,-2.473
31.9053,0.309
31.9153,2.361
31.9253,-0.240
31.9353,2.477
31.9453,-0.246
31.9553,-0.806
31.9653,0.232
31.9753,-1.414
31.9853,0.006
31.9953,-2.551
32.0053,-0.417
32.0153,-1.464
32.0253,1.094
32.0353,0.135
32.0453,1.543
32.0553,-0.273
32.0653,-0.188
32.0753,0.770
32.0853,-0.743
32.0953,1.054
32.1054,-1.320
32.1154,0.516
32.1254,0.601
32.1354,-2.676
32.1454,0.491
32.1554,0.536
32.1654,-0.174
32.1754,-1.083
32.1854,0.605
32.1954,0.946
32.2054,2.789
32.2154,-3.919
32.2254,-1.669
32.2354,1.053
32.2454,0.219
32.2554,2.505
32.2654,1.051
32.2754,0.567
32.2854,-0.278
32.2954,-1.947
32.3054,0.389
32.3154,-1.391
32.3254,0.590
32.3354,3.114
32.3454,-1.888
32.3554,-1.020
32.3654,2.682
32.3754,-0.954
32.3854,1.987
32.3954,0.318
32.4054,1.252
32.4154,-1.351
32.4254,0.196
32.4354,2.811
32.4454,1.348
32.4554,0.156
32.4654,-4.250
32.4754,0.403
32.4854,0.044
32.4954,1.179
32.5054,0.885
32.5154,0.378
32.5254,3.180
32.5354,-0.426
32.5454,2.239
32.5554,1.522
32.5654,1.278
32.5754,-1.058
32.5854,-1.430
32.5954,0.837
32.6054,-1.070
32.6154,2.818
32.6254,0.472
32.6354,-0.448
32.6454,-0.732
32.6554,2.438
32.6654,2.648
32.6754,-1.250
32.6854,-3.364
32.6954,-0.350
32.7055,2.597
32.7155,0.763
32.7255,2.487
32.7355,1.093
32.7455,-0.284
32.7555,-0.355
32.7655,0.059
32.7755,-0.503
32.7855,-1.404
32.7955,-0.857
32.8055,-1.112
32.8155,0.126
32.8255,-0.030
32.8355,-0.460
32.8455,1.842
32.8555,1.461
32.8655,-1.113
32.8755,-1.010
32.8855,-1.950
32.8955,-1.002
32.9055,-2.521
32.9155,0.546
32.9255,-0.663
32.9355,1.465
32.9455,0.748
32.9555,1.170
32.9655,-0.394
32.9755,-1.283
32.9855,-1.792
32.9955,-3.800
33.0055,-2.137
33.0155,0.021
33.0255,0.349
33.0355,1.708
33.0455,-0.153
33.0555,0.645
33.0655,2.757
33.0755,-0.774
33.0855,0.577
33.0955,0.613
33.1055,-1.426
33.1155,-0.918
33.1255,-0.770
33.1355,0.430
33.1455,2.306
33.1555,-0.841
33.1655,-0.326
33.1755,0.169
33.1855,1.032
33.1955,2.060
33.2055,1.400
33.2155,2.174
33.2255,1.098
33.2355,-0.093
33.2455,-0.097
33.2555,1.508
33.2655,-0.155
33.2755,0.904
33.2855,1.170
33.2955,0.844
33.3056,1.222
33.3156,-0.022
33.3256,0.321
33.3356,-2.587
33.3456,2.332
33.3556,-0.312
33.3656,1.749
33.3756,2.904
33.3856,-2.513
33.3956,2.442
33.4056,-0.222
33.4156,-0.609
33.4256,0.605
33.4356,-2.002
33.4456,1.952
33.4556,0.403
33.4656,2.257
33.4756,0.298
33.4856,1.102
33.4956,-0.637
33.5056,2.455
33.5156,-2.900
33.5256,-1.294
33.5356,-3.094
33.5456,-2.884
33.5556,-0.376
33.5656,0.011
33.5756,0.909
33.5856,0.647
33.5956,0.995
33.6056,0.095
33.6156,0.701
33.6256,-0.833
33.6356,-2.013
33.6456,-3.029
33.6556,0.027
33.6656,-0.438
33.6756,0.966
33.6856,0.228
33.6956,2.379
33.7056,0.399
33.7156,0.523
33.7256,-0.405
33.7356,0.977
33.7456,-1.046
33.7556,1.632
33.7656,-0.519
33.7756,1.748
33.7856,0.777
33.7956,1.962
33.8056,0.159
33.8156,-1.198
33.8256,2.871
33.8356,1.997
33.8456,-1.348
33.8556,2.281
33.8656,-3.342
33.8756,0.967
33.8856,0.142
33.8956,2.687
33.9057,-2.092
33.9157,2.968
33.9257,-1.524
33.9357,1.598
33.9457,0.228
33.9557,0.882
33.9657,0.362
33.9757,1.021
33.9857,-1.693
33.9957,0.429
34.0057,1.734
34.0157,0.048
34.0257,-0.948
34.0357,-2.187
34.0457,-2.514
34.0557,-1.234
34.0657,2.791
34.0757,2.472
34.0857,0.383
34.0957,1.654
34.1057,0.805
34.1157,-0.501
34.1257,1.204
34.1357,1.341
34.1457,-0.439
34.1557,-0.683
34.1657,-0.485
34.1757,-0.895
34.1857,0.698
34.1957,3.070
34.2057,0.326
34.2157,-0.062
34.2257,-1.420
34.2357,2.435
34.2457,0.159
34.2557,-0.823
34.2657,0.262
34.2757,-1.238
34.2857,-1.018
34.2957,-0.973
34.3057,0.326
34.3157,-2.192
34.3257,0.406
34.3357,-0.150
34.3457,0.267
34.3557,0.117
34.3657,-0.084
34.3757,-1.360
34.3857,3.026
34.3957,0.953
34.4057,0.670
34.4157,-0.847
34.4257,0.990
34.4357,-3.382
34.4457,-2.119
34.4557,-1.106
34.4657,-1.864
34.4757,0.517
34.4857,-1.152
34.4957,-2.211
34.5058,0.074
34.5158,3.242
34.5258,0.081
34.5358,-0.346
34.5458,-1.492
34.5558,2.781
34.5658,1.978
34.5758,-3.362
34.5858,1.306
34.5958,0.460
34.6058,0.826
34.6158,3.516
34.6258,1.055
34.6358,0.616
34.6458,-1.636
34.6558,-0.819
34.6658,-0.457
34.6758,0.565
34.6858,-0.333
34.6958,2.040
34.7058,0.413
34.7158,-0.722
34.7258,-0.243
34.7358,-1.120
34.7458,0.295
34.7558,-3.245
34.7658,-0.674
34.7758,-0.439
34.7858,0.920
34.7958,0.031
34.8058,0.882
34.8158,1.154
34.8258,-2.039
34.8358,-0.168
34.8458,1.105
34.8558,1.549
34.8658,0.221
34.8758,-0.788
34.8858,1.085
34.8958,2.488
34.9058,-0.024
34.9158,-2.959
34.9258,0.799
34.9358,-2.617
34.9458,-0.463
34.9558,-3.229
34.9658,-0.729
34.9758,1.223
34.9858,-2.034
34.9958,-1.215
35.0058,-0.102
35.0158,2.063
35.0258,0.562
35.0358,-0.603
35.0458,1.451
35.0558,0.735
35.0658,0.510
35.0758,2.664
35.0858,0.338
35.0958,0.223
35.1059,0.633
35.1159,-1.095
35.1259,1.724
35.1359,2.964
35.1459,0.281
35.1559,1.485
35.1659,-1.276
35.1759,0.482
35.1859,2.369
35.1959,1.628
35.2059,0.047
35.2159,-2.668
35.2259,0.854
35.2359,1.055
35.2459,0.852
35.2559,1.772
35.2659,1.656
35.2759,4.209
35.2859,1.122
35.2959,2.339
35.3059,0.251
35.3159,-0.320
35.3259,-0.374
35.3359,-1.499
35.3459,1.209
35.3559,-0.039
35.3659,-0.284
35.3759,-2.613
35.3859,-0.120
35.3959,0.750
35.4059,1.018
35.4159,-1.607
35.4259,0.069
35.4359,-1.378
35.4459,1.081
35.4559,0.037
35.4659,0.155
35.4759,1.120
35.4859,-0.477
35.4959,-1.759
35.5059,2.443
35.5159,-2.043
35.5259,-0.395
35.5359,2.987
35.5459,0.145
35.5559,-0.644
35.5659,0.964
35.5759,-1.444
35.5859,-0.155
35.5959,0.360
35.6059,-1.403
35.6159,0.776
35.6259,1.842
35.6359,-0.782
35.6459,0.876
35.6559,-0.335
35.6659,-0.235
35.6759,0.820
35.6859,-2.936
35.6959,1.731
35.7060,-2.368
35.7160,-0.733
35.7260,0.935
35.7360,-3.857
35.7460,0.242
35.7560,0.232
35.7660,0.122
35.7760,0.096
35.7860,-0.975
35.7960,-1.038
35.8060,1.537
35.8160,-0.292
35.8260,1.297
35.8360,-3.308
35.8460,-1.316
35.8560,0.031
35.8660,-1.274
35.8760,-0.693
35.8860,-1.027
35.8960,1.518
35.9060,-2.026
35.9160,-0.014
35.9260,1.360
35.9360,0.683
35.9460,1.664
35.9560,0.175
35.9660,-1.290
35.9760,-2.029
35.9860,-2.343
35.9960,-1.456
36.0060,-1.709
36.0160,0.221
36.0260,1.085
36.0360,-1.399
36.0460,0.952
36.0560,1.354
36.0660,-1.693
36.0760,-1.552
36.0860,2.291
36.0960,-0.966
36.1060,0.635
36.1160,1.151
36.1260,0.788
36.1360,-0.125
36.1460,1.038
36.1560,0.235
36.1660,0.234
36.1760,-0.072
36.1860,1.002
36.1960,-0.169
36.2060,0.364
36.2160,-1.439
36.2260,0.295
36.2360,-0.902
36.2460,-1.693
36.2560,-0.078
36.2660,-0.232
36.2760,-1.802
36.2860,-0.677
36.2960,-2.072
36.3061,-0.484
36.3161,0.429
36.3261,0.934
36.3361,0.801
36.3461,-1.349
36.3561,-0.932
36.3661,3.780
36.3761,-1.488
36.3861,-3.727
36.3961,1.124
36.4061,-1.069
36.4161,-1.024
36.4261,1.113
36.4361,0.454
36.4461,-0.285
36.4561,0.865
36.4661,0.620
36.4761,-1.108
36.4861,0.689
36.4961,0.771
36.5061,1.166
36.5161,0.841
36.5261,1.257
36.5361,-0.700
36.5461,-0.234
36.5561,-2.263
36.5661,0.755
36.5761,-0.021
36.5861,-0.338
36.5961,2.078
36.6061,3.055
36.6161,-2.054
36.6261,-1.002
36.6361,-1.092
36.6461,1.742
36.6561,2.707
36.6661,-1.977
36.6761,1.426
36.6861,0.764
36.6961,1.578
36.7061,0.639
36.7161,1.378
36.7261,-1.196
36.7361,-1.993
36.7461,-1.784
36.7561,0.941
36.7661,-0.076
36.7761,-0.500
36.7861,-0.203
36.7961,1.971
36.8061,3.047
36.8161,-0.681
36.8261,1.016
36.8361,-1.443
36.8461,3.764
36.8561,-0.927
36.8661,-0.370
36.8761,-0.311
36.8861,1.218
36.8961,3.137
36.9062,2.564
36.9162,1.592
36.9262,2.255
36.9362,0.752
36.9462,0.045
36.9562,-1.736
36.9662,-2.460
36.9762,0.631
36.9862,-0.648
36.9962,-1.743
37.0062,3.248
37.0162,0.989
37.0262,0.881
37.0362,1.612
37.0462,-0.029
37.0562,4.164
37.0662,-2.102
37.0762,0.184
37.0862,2.543
37.0962,0.705
37.1062,0.064
37.1162,2.044
37.1262,1.185
37.1362,1.514
37.1462,-2.098
37.1562,-0.958
37.1662,0.139
37.1762,-0.055
37.1862,2.309
37.1962,-1.196
37.2062,1.667
37.2162,-3.093
37.2262,-1.642
37.2362,1.368
37.2462,-0.297
37.2562,-2.904
37.2662,0.264
37.2762,-1.018
37.2862,0.475
37.2962,3.606
37.3062,1.653
37.3162,-0.168
37.3262,-1.678
37.3362,0.250
37.3462,2.887
37.3562,0.539
37.3662,-1.456
37.3762,-1.397
37.3862,0.404
37.3962,-0.478
37.4062,-0.433
37.4162,3.456
37.4262,-0.016
37.4362,-0.053
37.4462,1.005
37.4562,0.571
37.4662,0.900
37.4762,-0.405
37.4862,0.181
37.4962,0.324
37.5063,1.184
37.5163,0.964
37.5263,0.384
37.5363,0.428
37.5463,-1.813
37.5563,0.132
37.5663,0.233
37.5763,0.231
37.5863,-0.197
37.5963,0.686
37.6063,-0.565
37.6163,0.703
37.6263,-2.098
37.6363,-0.835
37.6463,2.031
37.6563,-2.635
37.6663,-1.163
37.6763,-0.712
37.6863,0.504
37.6963,0.418
37.7063,-0.364
37.7163,-0.749
37.7263,0.604
37.7363,-1.223
37.7463,0.688
37.7563,-1.079
37.7663,-2.064
37.7763,2.389
37.7863,-0.589
37.7963,1.095
37.8063,1.357
37.8163,-0.137
37.8263,-2.142
37.8363,-0.619
37.8463,-0.250
37.8563,1.614
37.8663,1.038
37.8763,0.714
37.8863,-1.237
37.8963,0.301
37.9063,-1.614
37.9163,0.094
37.9263,2.577
37.9363,0.915
37.9463,-0.670
37.9563,-0.570
37.9663,0.950
37.9763,2.280
37.9863,0.691
37.9963,-0.974
38.0063,-0.203
38.0163,1.494
38.0263,-1.557
38.0363,0.184
38.0463,0.335
38.0563,-1.812
38.0663,0.637
38.0763,-2.067
38.0863,-1.804
38.0963,-0.457
38.1064,-0.604
38.1164,-0.702
38.1264,-1.650
38.1364,1.601
38.1464,0.338
38.1564,-0.322
38.1664,1.364
38.1764,1.266
38.1864,2.491
38.1964,-0.438
38.2064,2.879
38.2164,-3.247
38.2264,-1.871
38.2364,0.389
38.2464,0.087
38.2564,0.112
38.2664,-2.769
38.2764,-0.068
38.2864,-0.245
38.2964,-0.532
38.3064,-0.283
38.3164,1.546
38.3264,0.722
38.3364,-1.369
38.3464,0.217
38.3564,-1.976
38.3664,1.043
38.3764,-1.193
38.3864,4.602
38.3964,1.516
38.4064,2.398
38.4164,-1.481
38.4264,1.754
38.4364,0.261
38.4464,0.733
38.4564,0.744
38.4664,0.961
38.4764,-0.412
38.4864,-0.760
38.4964,0.766
38.5064,0.187
38.5164,2.056
38.5264,0.467
38.5364,-1.263
38.5464,0.799
38.5564,0.240
38.5664,0.406
38.5764,-2.238
38.5864,-0.109
38.5964,0.728
38.6064,0.493
38.6164,0.955
38.6264,-1.066
38.6364,-0.382
38.6464,-0.772
38.6564,1.524
38.6664,-0.429
38.6764,0.633
38.6864,-1.583
38.6964,-0.343
38.7065,1.915
38.7165,1.832
38.7265,-0.027
38.7365,-0.426
38.7465,0.322
38.7565,-0.682
38.7665,0.755
38.7765,-0.416
38.7865,3.979
38.7965,0.733
38.8065,1.527
38.8165,1.935
38.8265,0.811
38.8365,1.103
38.8465,0.102
38.8565,1.240
38.8665,-1.081
38.8765,-0.421
38.8865,2.889
38.8965,-0.779
38.9065,0.452
38.9165,1.345
38.9265,-0.952
38.9365,1.112
38.9465,-1.480
38.9565,-0.852
38.9665,0.216
38.9765,-4.499
38.9865,-1.820
38.9965,-2.300
39.0065,-1.508
39.0165,1.045
39.0265,-0.001
39.0365,0.852
39.0465,-2.563
39.0565,1.654
39.0665,-0.867
39.0765,0.966
39.0865,-1.460
39.0965,1.317
39.1065,-1.873
39.1165,0.340
39.1265,0.640
39.1365,0.273
39.1465,0.239
39.1565,-0.383
39.1665,-1.559
39.1765,2.511
39.1865,-0.028
39.1965,0.611
39.2065,-1.486
39.2165,-0.511
39.2265,-0.755
39.2365,1.197
39.2465,0.200
39.2565,2.377
39.2665,4.572
39.2765,2.940
39.2865,-0.970
39.2965,-0.506
39.3066,-0.610
39.3166,2.586
39.3266,-2.405
39.3366,-1.248
39.3466,-0.932
39.3566,1.135
39.3666,-0.223
39.3766,1.360
39.3866,2.020
39.3966,-2.238
39.4066,1.763
39.4166,-0.593
39.4266,0.313
39.4366,0.148
39.4466,-1.537
39.4566,1.271
39.4666,0.713
39.4766,-0.372
39.4866,0.138
39.4966,2.694
39.5066,-4.853
39.5166,-0.157
39.5266,1.133
39.5366,-0.084
39.5466,0.335
39.5566,-0.646
39.5666,-1.853
39.5766,-0.559
39.5866,-0.928
39.5966,0.299
39.6066,-1.147
39.6166,0.070
39.6266,3.399
39.6366,-2.505
39.6466,0.195
39.6566,-1.110
39.6666,0.179
39.6766,-0.232
39.6866,0.050
39.6966,-2.897
39.7066,-0.436
39.7166,3.279
39.7266,2.189
39.7366,1.154
39.7466,-0.298
39.7566,1.060
39.7666,2.380
39.7766,-0.043
39.7866,2.685
39.7966,-1.638
39.8066,3.508
39.8166,-2.528
39.8266,-0.013
39.8366,2.535
39.8466,0.153
39.8566,1.916
39.8666,-0.887
39.8766,0.797
39.8866,-0.323
39.8966,1.240
39.9067,-0.478
39.9167,2.405
39.9267,0.129
39.9367,0.830
39.9467,-0.033
39.9567,-2.056
39.9667,0.331
39.9767,0.488
39.9867,-0.443
39.9967,1.333
40.0067,-0.397
40.0167,0.011
40.0267,2.404
40.0367,-0.465
40.0467,0.482
40.0567,0.264
40.0667,1.036
40.0767,1.879
40.0867,-1.292
40.0967,-0.979
40.1067,-1.581
40.1167,2.168
40.1267,0.461
40.1367,0.158
40.1467,0.333
40.1567,0.182
40.1667,-0.750
40.1767,0.758
40.1867,-0.802
40.1967,0.929
40.2067,-0.307
40.2167,0.705
40.2267,-0.246
40.2367,-0.987
40.2467,2.085
40.2567,-1.789
40.2667,-2.133
40.2767,0.554
40.2867,-1.532
40.2967,-1.891
40.3067,-0.148
40.3167,-3.039
40.3267,-1.384
40.3367,-0.597
40.3467,0.972
40.3567,-0.107
40.3667,2.477
40.3767,-0.969
40.3867,1.495
40.3967,-2.998
40.4067,0.250
40.4167,-2.532
40.4267,1.231
40.4367,-0.767
40.4467,0.974
40.4567,-1.825
40.4667,1.436
40.4767,-2.076
40.4867,-1.405
40.4967,-3.518
40.5068,-3.365
40.5168,2.177
40.5268,-0.240
40.5368,-0.588
40.5468,0.383
40.5568,0.689
40.5668,0.642
40.5768,-1.453
40.5868,-3.121
40.5968,0.538
40.6068,1.731
40.6168,-1.364
40.6268,-0.408
40.6368,1.854
40.6468,-2.258
40.6568,-0.608
40.6668,-1.480
40.6768,-2.500
40.6868,0.503
40.6968,0.691
40.7068,1.429
40.7168,-0.245
40.7268,-0.448
40.7368,0.326
40.7468,0.790
40.7568,3.470
40.7668,0.721
40.7768,-0.315
40.7868,-0.503
40.7968,-2.247
40.8068,-3.080
40.8168,-3.127
40.8268,-1.282
40.8368,-1.351
40.8468,-1.653
40.8568,0.941
40.8668,0.021
40.8768,-1.500
40.8868,-1.181
40.8968,-0.495
40.9068,0.304
40.9168,-1.592
40.9268,-2.317
40.9368,2.163
40.9468,-0.847
40.9568,2.306
40.9668,2.022
40.9768,1.903
40.9868,-0.908
40.9968,0.884
41.0068,-3.746
41.0168,0.892
41.0268,-0.564
41.0368,-0.525
41.0468,1.656
41.0568,-0.891
41.0668,1.534
41.0768,-0.593
41.0868,0.147
41.0968,-2.476
41.1069,-0.426
41.1169,-0.373
41.1269,-0.443
41.1369,-0.193
41.1469,2.061
41.1569,-1.505
41.1669,-0.388
41.1769,0.559
41.1869,-1.144
41.1969,-0.538
41.2069,1.096
41.2169,0.200
41.2269,-0.568
41.2369,0.781
41.2469,-1.983
41.2569,-1.457
41.2669,2.230
41.2769,1.073
41.2869,-1.139
41.2969,1.350
41.3069,-1.078
41.3169,0.638
41.3269,0.931
41.3369,1.556
41.3469,0.961
41.3569,-0.708
41.3669,0.596
41.3769,-4.292
41.3869,-0.516
41.3969,1.583
41.4069,-0.623
41.4169,-0.818
41.4269,1.545
41.4369,-0.027
41.4469,-0.320
41.4569,0.978
41.4669,-1.154
41.4769,-2.521
41.4869,-0.067
41.4969,0.840
41.5069,-0.465
41.5169,0.920
41.5269,1.251
41.5369,-1.075
41.5469,0.741
41.5569,-0.469
41.5669,2.305
41.5769,-0.871
41.5869,-1.408
41.5969,1.162
41.6069,-0.236
41.6169,-0.168
41.6269,1.435
41.6369,-1.692
41.6469,0.916
41.6569,0.522
41.6669,0.666
41.6769,0.451
41.6869,1.513
41.6969,-0.990
41.7070,-0.818
41.7170,1.052
41.7270,0.208
41.7370,0.204
41.7470,-1.518
41.7570,-0.637
41.7670,-1.314
41.7770,0.452
41.7870,-0.499
41.7970,-0.002
41.8070,0.687
41.8170,1.901
41.8270,-1.325
41.8370,-0.809
41.8470,-0.091
41.8570,-2.142
41.8670,1.277
41.8770,2.955
41.8870,0.189
41.8970,0.650
41.9070,1.879
41.9170,-0.861
41.9270,-2.708
41.9370,-1.227
41.9470,-1.048
41.9570,-2.318
41.9670,0.889
41.9770,0.647
41.9870,-1.601
41.9970,0.199
42.0070,-0.849
42.0170,-1.430
42.0270,-0.480
42.0370,2.192
42.0470,-0.102
42.0570,0.238
42.0670,-1.963
42.0770,-0.678
42.0870,0.763
42.0970,-0.424
42.1070,-0.004
42.1170,1.308
42.1270,-1.059
42.1370,0.544
42.1470,0.042
42.1570,1.050
42.1670,-0.260
42.1770,-1.632
42.1870,-1.306
42.1970,0.371
42.2070,-3.078
42.2170,-0.953
42.2270,-0.804
42.2370,-1.987
42.2470,0.429
42.2570,-2.097
42.2670,0.764
42.2770,3.357
42.2870,0.632
42.2970,-1.839
42.3071,1.027
42.3171,0.757
42.3271,0.060
42.3371,3.206
42.3471,0.956
42.3571,0.190
42.3671,3.391
42.3771,0.053
42.3871,-1.532
42.3971,-0.712
42.4071,-0.904
42.4171,-0.120
42.4271,2.100
42.4371,1.019
42.4471,0.917
42.4571,0.042
42.4671,0.124
42.4771,3.042
42.4871,0.238
42.4971,-0.317
42.5071,-1.954
42.5171,0.725
42.5271,0.470
42.5371,-1.196
42.5471,-1.011
42.5571,-0.710
42.5671,1.309
42.5771,2.034
42.5871,1.306
42.5971,0.406
42.6071,-0.429
42.6171,0.271
42.6271,2.369
42.6371,-2.463
42.6471,0.072
42.6571,0.208
42.6671,-0.434
42.6771,-1.166
42.6871,0.180
42.6971,0.272
42.7071,1.468
42.7171,-0.800
42.7271,0.840
42.7371,1.942
42.7471,-0.571
42.7571,0.727
42.7671,0.300
42.7771,-0.329
42.7871,0.500
42.7971,1.743
42.8071,1.004
42.8171,-0.842
42.8271,0.085
42.8371,-0.554
42.8471,-2.442
42.8571,0.857
42.8671,-0.619
42.8771,-2.648
42.8871,0.489
42.8971,1.004
42.9072,0.478
42.9172,2.364
42.9272,-0.385
42.9372,0.193
42.9472,-0.407
42.9572,-0.041
42.9672,2.923
42.9772,1.699
42.9872,-1.460
42.9972,-4.230
43.0072,-1.192
43.0172,1.620
43.0272,-2.815
43.0372,-1.801
43.0472,2.741
43.0572,-1.589
43.0672,1.313
43.0772,-1.961
43.0872,0.705
43.0972,-1.146
43.1072,0.058
43.1172,2.087
43.1272,2.228
43.1372,0.126
43.1472,3.085
43.1572,0.021
43.1672,-0.847
43.1772,1.608
43.1872,-1.197
43.1972,-0.340
43.2072,2.224
43.2172,-0.639
43.2272,1.775
43.2372,-0.198
43.2472,1.664
43.2572,1.609
43.2672,2.656
43.2772,-0.360
43.2872,-1.927
43.2972,1.173
43.3072,1.174
43.3172,-2.110
43.3272,0.329
43.3372,-0.623
43.3472,-0.543
43.3572,-1.317
43.3672,-0.624
43.3772,-1.017
43.3872,-3.341
43.3972,-0.275
43.4072,0.669
43.4172,-1.013
43.4272,3.978
43.4372,-1.369
43.4472,1.852
43.4572,-0.696
43.4672,-1.457
43.4772,-0.508
43.4872,-1.425
43.4972,-0.632
43.5073,0.495
43.5173,0.922
43.5273,-0.721
43.5373,-1.052
43.5473,0.753
43.5573,0.243
43.5673,1.973
43.5773,1.756
43.5873,-2.496
43.5973,0.221
43.6073,-2.159
43.6173,1.114
43.6273,0.947
43.6373,0.828
43.6473,-1.425
43.6573,1.024
43.6673,0.448
43.6773,-0.634
43.6873,-1.880
43.6973,-0.695
43.7073,-0.116
43.7173,-2.227
43.7273,1.127
43.7373,-0.910
43.7473,1.281
43.7573,-0.009
43.7673,1.072
43.7773,0.526
43.7873,-1.157
43.7973,3.333
43.8073,-0.030
43.8173,-0.190
43.8273,-1.084
43.8373,0.350
43.8473,1.277
43.8573,0.997
43.8673,0.296
43.8773,-0.858
43.8873,-0.469
43.8973,0.364
43.9073,1.841
43.9173,0.473
43.9273,-0.403
43.9373,-3.194
43.9473,-0.283
43.9573,0.767
43.9673,0.660
43.9773,1.880
43.9873,-1.253
43.9973,-0.670
44.0073,1.076
44.0173,2.288
44.0273,0.575
44.0373,0.245
44.0473,1.303
44.0573,1.370
44.0673,-0.406
44.0773,0.638
44.0873,-1.877
44.0973,-2.174
44.1074,1.994
44.1174,-0.174
44.1274,-1.064
44.1374,1.218
44.1474,-1.158
44.1574,0.845
44.1674,-0.368
44.1774,0.614
44.1874,-0.435
44.1974,2.083
44.2074,0.085
44.2174,1.933
44.2274,-0.754
44.2374,-0.300
44.2474,0.700
44.2574,-0.962
44.2674,3.013
44.2774,3.726
44.2874,-1.736
44.2974,-0.374
44.3074,1.467
44.3174,-2.994
44.3274,-0.407
44.3374,-0.736
44.3474,-1.229
44.3574,0.007
44.3674,0.911
44.3774,0.129
44.3874,-0.222
44.3974,0.273
44.4074,-0.012
44.4174,-1.549
44.4274,-0.771
44.4374,-0.468
44.4474,1.639
44.4574,-1.706
44.4674,-1.216
44.4774,0.336
44.4874,-2.775
44.4974,1.103
44.5074,1.306
44.5174,0.583
44.5274,2.806
44.5374,-1.496
44.5474,-0.186
44.5574,0.059
44.5674,-0.710
44.5774,1.840
44.5874,-0.396
44.5974,0.739
44.6074,-2.331
44.6174,-1.738
44.6274,-0.165
44.6374,4.052
44.6474,-2.057
44.6574,-0.675
44.6674,1.489
44.6774,-0.247
44.6874,1.929
44.6974,-0.898
44.7075,1.207
44.7175,0.321
44.7275,-0.716
44.7375,0.554
44.7475,-1.451
44.7575,0.027
44.7675,-0.187
44.7775,-1.088
44.7875,-0.815
44.7975,-2.021
44.8075,-3.266
44.8175,-0.607
44.8275,0.059
44.8375,-0.606
44.8475,-0.450
44.8575,-0.824
44.8675,-0.099
44.8775,-1.133
44.8875,-0.795
44.8975,-0.774
44.9075,1.794
44.9175,-1.423
44.9275,-0.089
44.9375,-1.048
44.9475,-0.463
44.9575,-2.874
44.9675,-0.002
44.9775,0.178
44.9875,0.533
44.9975,2.649
45.0075,0.903
45.0175,-1.752
45.0275,0.389
45.0375,1.112
45.0475,-0.964
45.0575,1.550
45.0675,-1.642
45.0775,-0.959
45.0875,-0.939
45.0975,-1.045
45.1075,3.320
45.1175,1.094
45.1275,-0.944
45.1375,3.305
45.1475,0.604
45.1575,-1.940
45.1675,2.762
45.1775,0.804
45.1875,0.855
45.1975,-1.072
45.2075,0.377
45.2175,-1.584
45.2275,-0.741
45.2375,-0.537
45.2475,-0.970
45.2575,2.267
45.2675,0.291
45.2775,-0.611
45.2875,-0.405
45.2975,2.159
45.3076,1.270
45.3176,0.175
45.3276,1.117
45.3376,-1.752
45.3476,-0.352
45.3576,-1.498
45.3676,-2.046
45.3776,0.396
45.3876,-0.224
45.3976,0.073
45.4076,-2.371
45.4176,-1.739
45.4276,-0.368
45.4376,-1.256
45.4476,-0.016
45.4576,1.458
45.4676,-0.355
45.4776,0.122
45.4876,-1.296
45.4976,0.120
45.5076,0.426
45.5176,1.635
45.5276,-3.183
45.5376,-1.150
45.5476,-1.309
45.5576,-1.607
45.5676,1.625
45.5776,-0.650
45.5876,-0.667
45.5976,1.439
45.6076,-0.999
45.6176,-0.083
45.6276,-0.942
45.6376,2.964
45.6476,1.111
45.6576,-2.033
45.6676,-0.448
45.6776,-1.871
45.6876,1.317
45.6976,1.098
45.7076,2.673
45.7176,-1.462
45.7276,0.058
45.7376,-0.568
45.7476,1.237
45.7576,-0.169
45.7676,-0.410
45.7776,-1.098
45.7876,-2.450
45.7976,3.201
45.8076,0.119
45.8176,0.943
45.8276,0.977
45.8376,0.193
45.8476,-0.297
45.8576,-0.394
45.8676,0.889
45.8776,-4.429
45.8876,1.672
45.8976,-1.139
45.9077,-0.480
45.9177,-1.973
45.9277,1.304
45.9377,2.242
45.9477,-2.054
45.9577,3.238
45.9677,2.083
45.9777,0.801
45.9877,1.339
45.9977,-1.974
46.0077,1.490
46.0177,1.653
46.0277,-1.817
46.0377,-0.665
46.0477,2.627
46.0577,2.113
46.0677,0.020
46.0777,-1.048
46.0877,1.119
46.0977,-3.041
46.1077,2.298
46.1177,0.503
46.1277,-1.695
46.1377,-2.350
46.1477,0.059
46.1577,1.030
46.1677,-0.719
46.1777,0.462
46.1877,0.735
46.1977,-2.159
46.2077,0.586
46.2177,0.240
46.2277,-0.613
46.2377,-0.035
46.2477,-0.466
46.2577,-0.627
46.2677,0.516
46.2777,1.574
46.2877,1.280
46.2977,0.461
46.3077,-0.215
46.3177,1.240
46.3277,0.359
46.3377,0.401
46.3477,-1.338
46.3577,-0.055
46.3677,-1.449
46.3777,-0.717
46.3877,-1.399
46.3977,-0.343
46.4077,0.157
46.4177,-1.346
46.4277,0.791
46.4377,1.880
46.4477,-0.420
46.4577,-1.307
46.4677,-4.021
46.4777,-0.053
46.4877,0.164
46.4977,1.804
46.5078,-1.000
46.5178,2.131
46.5278,2.149
46.5378,3.451
46.5478,0.358
46.5578,0.559
46.5678,5.549
46.5778,0.436
46.5878,1.848
46.5978,1.695
46.6078,0.908
46.6178,0.861
46.6278,1.762
46.6378,0.651
46.6478,-1.874
46.6578,-2.212
46.6678,1.132
46.6778,1.098
46.6878,1.744
46.6978,1.897
46.7078,-0.758
46.7178,-1.408
46.7278,0.036
46.7378,0.061
46.7478,0.344
46.7578,1.864
46.7678,3.523
46.7778,-1.813
46.7878,1.991
46.7978,0.830
46.8078,0.498
46.8178,0.932
46.8278,2.616
46.8378,-1.386
46.8478,0.799
46.8578,-0.460
46.8678,0.180
46.8778,1.082
46.8878,-2.246
46.8978,-1.900
46.9078,-1.548
46.9178,-0.100
46.9278,1.534
46.9378,-1.457
46.9478,-0.423
46.9578,0.581
46.9678,2.866
46.9778,1.822
46.9878,-2.974
46.9978,0.573
47.0078,2.735
47.0178,0.109
47.0278,0.860
47.0378,-0.464
47.0478,0.257
47.0578,-1.433
47.0678,-0.414
47.0778,1.601
47.0878,-0.450
47.0978,-0.323
47.1079,-2.640
47.1179,-0.636
47.1279,1.176
47.1379,-0.132
47.1479,-2.568
47.1579,-1.864
47.1679,3.013
47.1779,-0.821
47.1879,2.107
47.1979,0.904
47.2079,-1.064
47.2179,2.213
47.2279,2.206
47.2379,1.471
47.2479,-4.921
47.2579,1.255
47.2679,1.647
47.2779,-0.299
47.2879,0.942
47.2979,-1.529
47.3079,1.737
47.3179,-0.011
47.3279,-0.964
47.3379,0.126
47.3479,2.359
47.3579,1.168
47.3679,0.242
47.3779,0.821
47.3879,-1.641
47.3979,0.217
47.4079,4.257
47.4179,0.889
47.4279,-3.943
47.4379,1.468
47.4479,-3.163
47.4579,-1.219
47.4679,1.128
47.4779,0.643
47.4879,0.532
47.4979,2.261
47.5079,-1.907
47.5179,1.414
47.5279,1.084
47.5379,-1.715
47.5479,0.910
47.5579,-1.145
47.5679,0.470
47.5779,-0.380
47.5879,-1.181
47.5979,-0.095
47.6079,0.789
47.6179,0.817
47.6279,2.144
47.6379,-1.603
47.6479,1.711
47.6579,-2.062
47.6679,2.209
47.6779,-0.076
47.6879,-0.952
47.6979,-1.188
47.7080,-0.830
47.7180,-0.252
47.7280,-1.843
47.7380,0.614
47.7480,0.592
47.7580,0.802
47.7680,0.189
47.7780,-0.027
47.7880,-0.447
47.7980,-0.087
47.8080,0.505
47.8180,-2.062
47.8280,0.469
47.8380,-0.752
47.8480,-0.270
47.8580,0.638
47.8680,-1.437
47.8780,-0.422
47.8880,0.780
47.8980,1.202
47.9080,-0.018
47.9180,-0.099
47.9280,-1.287
47.9380,-1.975
47.9480,-4.320
47.9580,3.309
47.9680,0.439
47.9780,-0.805
47.9880,-1.087
47.9980,3.106
48.0080,-1.347
48.0180,-0.880
48.0280,0.840
48.0380,2.005
48.0480,-0.733
48.0580,-1.164
48.0680,0.267
48.0780,1.541
48.0880,3.026
48.0980,0.039
48.1080,-2.411
48.1180,-1.706
48.1280,0.211
48.1380,2.030
48.1480,-1.621
48.1580,-1.333
48.1680,-2.270
48.1780,-2.334
48.1880,0.558
48.1980,2.301
48.2080,-0.926
48.2180,-0.091
48.2280,0.651
48.2380,0.272
48.2480,-0.202
48.2580,0.925
48.2680,-2.126
48.2780,0.998
48.2880,-0.345
48.2980,1.071
48.3081,-3.072
48.3181,1.810
48.3281,0.224
48.3381,1.479
48.3481,1.870
48.3581,-0.696
48.3681,-3.208
48.3781,2.233
48.3881,1.120
48.3981,-0.518
48.4081,-3.173
48.4181,0.622
48.4281,-0.968
48.4381,-1.304
48.4481,1.062
48.4581,-0.273
48.4681,0.081
48.4781,2.161
48.4881,2.090
48.4981,-0.417
48.5081,-1.352
48.5181,-0.394
48.5281,0.890
48.5381,1.391
48.5481,-1.928
48.5581,-0.716
48.5681,1.190
48.5781,-0.132
48.5881,1.008
48.5981,0.530
48.6081,-0.422
48.6181,-1.185
48.6281,-0.547
48.6381,0.175
48.6481,-0.949
48.6581,-0.358
48.6681,0.632
48.6781,-2.311
48.6881,-1.703
48.6981,-0.473
48.7081,-1.134
48.7181,0.497
48.7281,-0.928
48.7381,1.982
48.7481,1.265
48.7581,0.035
48.7681,-3.863
48.7781,0.943
48.7881,-1.350
48.7981,0.389
48.8081,0.436
48.8181,-2.134
48.8281,-0.814
48.8381,1.703
48.8481,-0.629
48.8581,2.750
48.8681,-1.604
48.8781,2.024
48.8881,0.396
48.8981,0.329
48.9082,-2.364
48.9182,-0.517
48.9282,-1.415
48.9382,-1.682
48.9482,2.359
48.9582,2.199
48.9682,-0.281
48.9782,-0.300
48.9882,0.423
48.9982,0.699
49.0082,1.174
49.0182,-1.294
49.0282,-1.796
49.0382,1.011
49.0482,-0.193
49.0582,-1.051
49.0682,0.966
49.0782,-2.505
49.0882,-1.879
49.0982,0.225
49.1082,-0.084
49.1182,1.643
49.1282,0.098
49.1382,0.552
49.1482,-2.287
49.1582,-0.186
49.1682,-0.586
49.1782,0.913
49.1882,0.159
49.1982,-1.791
49.2082,1.101
49.2182,-2.566
49.2282,1.858
49.2382,1.482
49.2482,1.028
49.2582,-1.849
49.2682,-0.845
49.2782,0.646
49.2882,1.585
49.2982,-0.483
49.3082,-1.844
49.3182,-0.649
49.3282,-0.499
49.3382,0.844
49.3482,-0.090
49.3582,0.050
49.3682,-3.433
49.3782,0.477
49.3882,1.191
49.3982,-0.614
49.4082,-1.077
49.4182,1.065
49.4282,0.167
49.4382,1.405
49.4482,0.804
49.4582,1.423
49.4682,-1.322
49.4782,-2.686
49.4882,0.467
49.4982,3.572
49.5083,-0.263
49.5183,-0.658
49.5283,2.640
49.5383,-1.467
49.5483,0.350
49.5583,1.526
49.5683,-0.256
49.5783,-2.264
49.5883,2.759
49.5983,-0.636
49.6083,-0.656
49.6183,-1.143
49.6283,0.042
49.6383,-1.458
49.6483,-1.052
49.6583,-0.194
49.6683,-0.633
49.6783,-2.095
49.6883,-1.504
49.6983,1.070
49.7083,1.260
49.7183,-1.560
49.7283,0.070
49.7383,-0.106
49.7483,1.034
49.7583,-0.382
49.7683,-0.261
49.7783,-2.728
49.7883,-0.434
49.7983,-0.985
49.8083,0.784
49.8183,-1.048
49.8283,-2.231
49.8383,0.629
49.8483,-0.629
49.8583,1.563
49.8683,1.090
49.8783,0.523
49.8883,0.470
49.8983,-0.751
49.9083,-1.047
49.9183,0.283
49.9283,-0.094
49.9383,1.836
49.9483,-0.041
49.9583,-0.661
49.9683,2.267
49.9783,0.103
49.9883,-0.537
49.9983,-0.487
50.0083,0.518
50.0183,1.109
50.0283,0.192
50.0383,-0.176
50.0483,0.767
50.0583,2.183
50.0683,0.212
50.0783,0.693
50.0883,-2.656
50.0983,1.411
50.1084,-1.622
50.1184,2.734
50.1284,0.094
50.1384,-4.246
50.1484,-1.086
50.1584,-0.913
50.1684,2.724
50.1784,1.782
50.1884,-0.428
50.1984,0.652
50.2084,0.027
50.2184,0.041
50.2284,1.294
50.2384,-0.002
50.2484,0.609
50.2584,-0.760
50.2684,0.003
50.2784,-1.651
50.2884,-0.849
50.2984,-2.293
50.3084,3.900
50.3184,0.561
50.3284,-0.127
50.3384,-0.528
50.3484,1.861
50.3584,-1.469
50.3684,-0.148
50.3784,0.300
50.3884,-2.252
50.3984,1.109
50.4084,2.214
50.4184,-0.081
50.4284,-0.115
50.4384,0.602
50.4484,0.110
50.4584,-1.401
50.4684,-0.023
50.4784,-0.968
50.4884,1.444
50.4984,0.927
50.5084,0.886
50.5184,-1.343
50.5284,0.547
50.5384,-1.600
50.5484,0.903
50.5584,-0.171
50.5684,-0.769
50.5784,-0.924
50.5884,2.841
50.5984,-1.008
50.6084,0.660
50.6184,-0.784
50.6284,-0.698
50.6384,0.938
50.6484,-0.718
50.6584,-0.814
50.6684,0.777
50.6784,-3.364
50.6884,-3.052
50.6984,1.297
50.7085,-0.933
50.7185,-0.905
50.7285,2.982
50.7385,-0.621
50.7485,-1.307
50.7585,-0.313
50.7685,-1.517
50.7785,-3.333
50.7885,-2.051
50.7985,0.738
50.8085,-0.237
50.8185,-0.290
50.8285,-0.733
50.8385,-1.955
50.8485,-0.541
50.8585,-3.216
50.8685,2.097
50.8785,-0.144
50.8885,-0.431
50.8985,1.530
50.9085,-1.753
50.9185,-1.839
50.9285,0.954
50.9385,-0.064
50.9485,0.597
50.9585,1.512
50.9685,-0.711
50.9785,0.939
50.9885,-2.716
50.9985,-0.641
51.0085,-0.569
51.0185,3.116
51.0285,2.005
51.0385,-0.052
51.0485,0.602
51.0585,-1.729
51.0685,1.515
51.0785,-0.061
51.0885,3.653
51.0985,0.096
51.1085,-2.379
51.1185,-3.756
51.1285,1.678
51.1385,-0.587
51.1485,-1.084
51.1585,1.185
51.1685,1.439
51.1785,-3.106
51.1885,-0.301
51.1985,1.514
51.2085,0.596
51.2185,-1.413
51.2285,-0.414
51.2385,-0.179
51.2485,3.023
51.2585,2.404
51.2685,1.428
51.2785,1.787
51.2885,-1.429
51.2985,-0.490
51.3086,0.751
51.3186,-0.223
51.3286,-1.655
51.3386,-0.807
51.3486,-1.870
51.3586,-1.978
51.3686,-2.798
51.3786,0.264
51.3886,-0.083
51.3986,-1.684
51.4086,-0.566
51.4186,-1.060
51.4286,-0.472
51.4386,-1.117
51.4486,-0.828
51.4586,0.866
51.4686,2.512
51.4786,2.063
51.4886,-0.990
51.4986,0.999
51.5086,0.590
51.5186,1.594
51.5286,-1.210
51.5386,1.990
51.5486,-0.310
51.5586,0.157
51.5686,-2.387
51.5786,0.429
51.5886,0.616
51.5986,1.190
51.6086,-2.258
51.6186,-0.277
51.6286,-1.296
51.6386,1.021
51.6486,-1.085
51.6586,-1.351
51.6686,-2.405
51.6786,-0.693
51.6886,1.417
51.6986,0.684
51.7086,2.497
51.7186,0.003
51.7286,-1.833
51.7386,2.289
51.7486,-1.946
51.7586,-0.516
51.7686,0.826
51.7786,0.730
51.7886,1.589
51.7986,-1.351
51.8086,1.490
51.8186,-0.779
51.8286,0.814
51.8386,0.666
51.8486,-0.267
51.8586,-0.994
51.8686,-1.386
51.8786,-0.075
51.8886,-0.727
51.8986,-0.337
51.9087,4.288
51.9187,-1.873
51.9287,0.085
51.9387,-1.560
51.9487,3.397
51.9587,-0.751
51.9687,-0.957
51.9787,-0.876
51.9887,-2.775
51.9987,-0.201
52.0087,-1.778
52.0187,-0.474
52.0287,0.028
52.0387,-2.478
52.0487,-1.063
52.0587,1.163
52.0687,1.449
52.0787,-1.294
52.0887,0.314
52.0987,2.986
52.1087,-2.568
52.1187,1.161
52.1287,-0.586
52.1387,-2.001
52.1487,-0.113
52.1587,-0.412
52.1687,-0.574
52.1787,1.115
52.1887,-1.244
52.1987,0.077
52.2087,-0.599
52.2187,-1.047
52.2287,-0.251
52.2387,-0.723
52.2487,-2.330
52.2587,0.761
52.2687,-2.625
52.2787,-0.819
52.2887,1.066
52.2987,-0.258
52.3087,0.143
52.3187,1.179
52.3287,-0.161
52.3387,-1.388
52.3487,-2.236
52.3587,-0.791
52.3687,-0.101
52.3787,-0.843
52.3887,-0.430
52.3987,-1.802
52.4087,1.314
52.4187,2.375
52.4287,-0.154
52.4387,1.928
52.4487,1.349
52.4587,-0.519
52.4687,0.819
52.4787,-2.177
52.4887,-1.953
52.4987,-2.122
52.5088,0.364
52.5188,-1.920
52.5288,0.112
52.5388,0.324
52.5488,0.620
52.5588,-0.157
52.5688,-0.798
52.5788,-1.470
52.5888,-0.931
52.5988,1.055
52.6088,1.915
52.6188,0.614
52.6288,-0.917
52.6388,1.439
52.6488,0.883
52.6588,-0.129
52.6688,0.100
52.6788,1.112
52.6888,2.352
52.6988,-3.436
52.7088,-0.167
52.7188,-1.466
52.7288,-0.012
52.7388,-1.040
52.7488,-1.257
52.7588,0.322
52.7688,0.591
52.7788,0.328
52.7888,-1.360
52.7988,-0.644
52.8088,-0.978
52.8188,0.868
52.8288,-1.342
52.8388,-2.676
52.8488,3.379
52.8588,-0.119
52.8688,-2.453
52.8788,1.408
52.8888,1.573
52.8988,2.452
52.9088,-0.776
52.9188,0.002
52.9288,-0.962
52.9388,-2.231
52.9488,-0.893
52.9588,1.250
52.9688,-0.257
52.9788,0.710
52.9888,-0.230
52.9988,0.107
53.0088,1.370
53.0188,-0.845
53.0288,0.668
53.0388,-2.421
53.0488,-1.029
53.0588,-0.691
53.0688,-1.279
53.0788,-2.136
53.0888,0.887
53.0988,0.802
53.1089,-1.498
53.1189,-2.416
53.1289,-3.036
53.1389,1.639
53.1489,0.628
53.1589,0.092
53.1689,0.329
53.1789,-0.785
53.1889,-1.003
53.1989,-0.193
53.2089,0.904
53.2189,2.132
53.2289,-0.607
53.2389,-0.182
53.2489,-0.713
53.2589,-0.239
53.2689,-1.237
53.2789,0.693
53.2889,2.404
53.2989,-1.711
53.3089,-0.394
53.3189,0.060
53.3289,-1.443
53.3389,0.672
53.3489,0.711
53.3589,-0.736
53.3689,-1.152
53.3789,3.334
53.3889,3.268
53.3989,-1.029
53.4089,0.159
53.4189,2.646
53.4289,1.256
53.4389,-1.041
53.4489,0.187
53.4589,-0.917
53.4689,-1.035
53.4789,1.902
53.4889,-1.201
53.4989,-1.730
53.5089,-2.013
53.5189,1.824
53.5289,-1.757
53.5389,0.478
53.5489,-2.152
53.5589,0.766
53.5689,0.850
53.5789,-0.074
53.5889,0.593
53.5989,-0.798
53.6089,-0.444
53.6189,-1.522
53.6289,-0.483
53.6389,-1.266
53.6489,-1.576
53.6589,-0.110
53.6689,-1.202
53.6789,0.197
53.6889,-0.177
53.6989,-0.553
53.7090,0.585
53.7190,-2.713
53.7290,-0.036
53.7390,1.007
53.7490,-3.800
53.7590,-1.480
53.7690,-1.888
53.7790,0.987
53.7890,1.847
53.7990,-2.013
53.8090,-1.500
53.8190,-1.537
53.8290,-0.746
53.8390,0.534
53.8490,-0.976
53.8590,-1.860
53.8690,-0.769
53.8790,2.435
53.8890,2.189
53.8990,-0.216
53.9090,0.547
53.9190,-0.373
53.9290,0.924
53.9390,0.997
53.9490,-1.725
53.9590,-0.520
53.9690,-2.094
53.9790,-1.302
53.9890,3.218
53.9990,-0.236
54.0090,1.002
54.0190,0.203
54.0290,-0.371
54.0390,0.556
54.0490,-2.329
54.0590,1.379
54.0690,0.033
54.0790,1.627
54.0890,-0.178
54.0990,2.976
54.1090,-0.098
54.1190,-1.209
54.1290,-0.121
54.1390,1.771
54.1490,0.619
54.1590,0.565
54.1690,2.900
54.1790,1.481
54.1890,-0.810
54.1990,-2.379
54.2090,-0.252
54.2190,0.861
54.2290,-1.200
54.2390,-1.048
54.2490,1.113
54.2590,1.955
54.2690,-0.902
54.2790,0.416
54.2890,0.022
54.2990,-0.809
54.3091,0.326
54.3191,-1.455
54.3291,-0.010
54.3391,-0.929
54.3491,2.333
54.3591,0.254
54.3691,0.931
54.3791,2.239
54.3891,0.502
54.3991,-1.540
54.4091,-0.305
54.4191,2.372
54.4291,1.000
54.4391,-1.535
54.4491,-1.392
54.4591,1.438
54.4691,-0.733
54.4791,1.079
54.4891,-0.792
54.4991,-1.282
54.5091,-0.376
54.5191,-0.546
54.5291,-0.103
54.5391,1.170
54.5491,0.056
54.5591,-0.463
54.5691,0.687
54.5791,2.917
54.5891,-0.052
54.5991,-0.953
54.6091,-2.016
54.6191,0.818
54.6291,-0.957
54.6391,-0.041
54.6491,0.834
54.6591,-1.563
54.6691,0.958
54.6791,-0.795
54.6891,-3.780
54.6991,2.202
54.7091,-0.068
54.7191,0.229
54.7291,0.100
54.7391,-3.154
54.7491,1.277
54.7591,0.714
54.7691,1.361
54.7791,1.824
54.7891,-1.889
54.7991,0.410
54.8091,-1.917
54.8191,-0.343
54.8291,0.569
54.8391,0.752
54.8491,0.387
54.8591,-1.628
54.8691,2.538
54.8791,-0.505
54.8891,1.906
54.8991,1.078
54.9092,0.184
54.9192,1.460
54.9292,-0.953
54.9392,1.137
54.9492,0.756
54.9592,0.034
54.9692,-1.397
54.9792,0.496
54.9892,-1.396
54.9992,3.175
55.0092,2.796
55.0192,-1.203
55.0292,-0.533
55.0392,2.033
55.0492,-0.529
55.0592,-0.321
55.0692,0.997
55.0792,2.003
55.0892,1.108
55.0992,-0.535
55.1092,-1.823
55.1192,1.434
55.1292,-1.707
55.1392,-1.484
55.1492,-2.104
55.1592,0.549
55.1692,-0.124
55.1792,-1.760
55.1892,-1.637
55.1992,-0.646
55.2092,0.657
55.2192,-0.905
55.2292,-0.809
55.2392,-1.175
55.2492,-2.596
55.2592,0.658
55.2692,0.536
55.2792,-0.851
55.2892,-3.106
55.2992,0.306
55.3092,-0.166
55.3192,2.479
55.3292,2.330
55.3392,-3.324
55.3492,-0.983
55.3592,-3.213
55.3692,1.207
55.3792,0.999
55.3892,-1.292
55.3992,0.752
55.4092,2.183
55.4192,0.088
55.4292,-1.735
55.4392,0.299
55.4492,1.674
55.4592,-1.396
55.4692,1.296
55.4792,0.685
55.4892,2.186
55.4992,1.030
55.5093,1.607
55.5193,1.897
55.5293,0.487
55.5393,-0.554
55.5493,4.637
55.5593,1.690
55.5693,-0.893
55.5793,-2.108
55.5893,-0.740
55.5993,-0.536
55.6093,1.024
55.6193,2.591
55.6293,-1.314
55.6393,-0.751
55.6493,-0.170
55.6593,2.226
55.6693,-0.629
55.6793,-0.294
55.6893,-0.763
55.6993,2.852
55.7093,0.309
55.7193,-0.231
55.7293,1.563
55.7393,-1.256
55.7493,-0.657
55.7593,2.008
55.7693,-0.035
55.7793,1.102
55.7893,2.095
55.7993,0.961
55.8093,-1.270
55.8193,-1.343
55.8293,0.156
55.8393,0.524
55.8493,-1.160
55.8593,1.083
55.8693,3.782
55.8793,1.271
55.8893,0.691
55.8993,-3.143
55.9093,-0.126
55.9193,1.480
55.9293,1.095
55.9393,-0.152
55.9493,-1.107
55.9593,-2.317
55.9693,-0.912
55.9793,2.356
55.9893,-1.114
55.9993,-0.819
56.0093,0.597
56.0193,-3.973
56.0293,-1.397
56.0393,-0.895
56.0493,0.274
56.0593,2.278
56.0693,-2.786
56.0793,-1.264
56.0893,0.852
56.0993,-0.426
56.1094,-1.064
56.1194,0.665
56.1294,-1.637
56.1394,-0.173
56.1494,-0.711
56.1594,1.104
56.1694,-0.021
56.1794,0.398
56.1894,-1.435
56.1994,-0.225
56.2094,2.210
56.2194,-0.159
56.2294,0.975
56.2394,0.338
56.2494,2.651
56.2594,0.545
56.2694,-0.495
56.2794,-1.877
56.2894,0.006
56.2994,-0.191
56.3094,-1.877
56.3194,1.441
56.3294,1.212
56.3394,-2.031
56.3494,-0.780
56.3594,-2.599
56.3694,1.207
56.3794,-0.381
56.3894,0.140
56.3994,-0.628
56.4094,-0.689
56.4194,0.660
56.4294,-0.720
56.4394,2.140
56.4494,-1.065
56.4594,1.219
56.4694,-1.015
56.4794,0.213
56.4894,2.682
56.4994,0.947
56.5094,-2.515
56.5194,-1.119
56.5294,0.325
56.5394,-0.128
56.5494,-0.429
56.5594,1.116
56.5694,-1.552
56.5794,-1.669
56.5894,-1.022
56.5994,0.374
56.6094,0.456
56.6194,-2.303
56.6294,1.956
56.6394,-2.466
56.6494,-0.934
56.6594,-0.754
56.6694,-0.345
56.6794,-2.571
56.6894,2.230
56.6994,1.454
56.7095,-4.347
56.7195,-2.218
56.7295,1.818
56.7395,-1.550
56.7495,1.230
56.7595,0.962
56.7695,-1.213
56.7795,0.407
56.7895,3.678
56.7995,-1.333
56.8095,1.092
56.8195,-0.262
56.8295,0.565
56.8395,1.207
56.8495,2.048
56.8595,1.194
56.8695,0.141
56.8795,-1.136
56.8895,0.973
56.8995,2.388
56.9095,-1.550
56.9195,-1.236
56.9295,-0.247
56.9395,4.975
56.9495,1.185
56.9595,-1.234
56.9695,1.733
56.9795,-0.692
56.9895,-1.679
56.9995,1.586
57.0095,0.409
57.0195,0.221
57.0295,-1.989
57.0395,-1.225
57.0495,-0.805
57.0595,-1.676
57.0695,0.427
57.0795,-0.285
57.0895,-2.288
57.0995,0.361
57.1095,-1.151
57.1195,1.647
57.1295,-1.254
57.1395,-0.274
57.1495,2.287
57.1595,-0.434
57.1695,-0.449
57.1795,1.821
57.1895,2.361
57.1995,-0.681
57.2095,1.405
57.2195,1.365
57.2295,0.124
57.2395,-1.945
57.2495,0.411
57.2595,1.591
57.2695,-2.894
57.2795,1.783
57.2895,-0.593
57.2995,-0.158
57.3096,-1.480
57.3196,2.596
57.3296,-1.079
57.3396,-1.174
57.3496,0.488
57.3596,0.442
57.3696,-0.756
57.3796,-0.451
57.3896,-0.753
57.3996,-2.184
57.4096,2.716
57.4196,1.122
57.4296,-0.127
57.4396,-0.014
57.4496,0.469
57.4596,-0.022
57.4696,-1.656
57.4796,-3.769
57.4896,2.623
57.4996,-0.377
57.5096,1.531
57.5196,-0.618
57.5296,0.091
57.5396,1.029
57.5496,-0.446
57.5596,-1.256
57.5696,-1.077
57.5796,0.342
57.5896,1.451
57.5996,0.787
57.6096,-0.931
57.6196,-1.904
57.6296,2.749
57.6396,1.198
57.6496,-0.425
57.6596,-0.383
57.6696,-0.402
57.6796,0.074
57.6896,-2.138
57.6996,-2.219
57.7096,-2.359
57.7196,2.038
57.7296,0.633
57.7396,-0.467
57.7496,1.261
57.7596,0.077
57.7696,-0.707
57.7796,-1.210
57.7896,-0.703
57.7996,-0.782
57.8096,2.451
57.8196,-3.581
57.8296,1.203
57.8396,-0.503
57.8496,-0.058
57.8596,-1.113
57.8696,1.972
57.8796,-1.000
57.8896,-1.493
57.8996,2.056
57.9097,0.332
57.9197,-3.335
57.9297,0.011
57.9397,0.912
57.9497,-0.281
57.9597,-3.450
57.9697,-0.816
57.9797,1.727
57.9897,1.660
57.9997,2.167
58.0097,0.312
58.0197,0.199
58.0297,1.493
58.0397,-0.624
58.0497,1.570
58.0597,0.873
58.0697,-0.537
58.0797,0.395
58.0897,-1.714
58.0997,-0.729
58.1097,-1.350
58.1197,-0.209
58.1297,-0.212
58.1397,-2.386
58.1497,1.091
58.1597,-0.947
58.1697,-0.493
58.1797,-3.769
58.1897,0.793
58.1997,1.873
58.2097,0.098
58.2197,1.471
58.2297,-1.928
58.2397,-1.605
58.2497,-0.153
58.2597,-0.599
58.2697,2.460
58.2797,0.866
58.2897,1.007
58.2997,0.089
58.3097,1.767
58.3197,1.099
58.3297,-0.049
58.3397,-0.485
58.3497,0.250
58.3597,1.174
58.3697,0.268
58.3797,-1.004
58.3897,-1.425
58.3997,1.446
58.4097,0.095
58.4197,-0.062
58.4297,-0.030
58.4397,-0.483
58.4497,-1.125
58.4597,-0.787
58.4697,-4.722
58.4797,0.462
58.4897,-0.163
58.4997,2.332
58.5098,-0.631
58.5198,-0.939
58.5298,0.929
58.5398,0.723
58.5498,-0.221
58.5598,-1.660
58.5698,-1.401
58.5798,1.474
58.5898,-0.708
58.5998,-0.003
58.6098,-1.804
58.6198,1.697
58.6298,0.080
58.6398,-1.664
58.6498,-1.229
58.6598,0.568
58.6698,-1.260
58.6798,1.280
58.6898,1.520
58.6998,1.046
58.7098,-0.992
58.7198,0.874
58.7298,0.683
58.7398,0.698
58.7498,-0.933
58.7598,-1.282
58.7698,3.347
58.7798,-0.015
58.7898,0.172
58.7998,0.484
58.8098,0.273
58.8198,-2.535
58.8298,2.257
58.8398,-0.363
58.8498,0.036
58.8598,-2.806
58.8698,0.105
58.8798,0.191
58.8898,0.305
58.8998,1.126
58.9098,0.983
58.9198,-0.997
58.9298,3.376
58.9398,-0.877
58.9498,-0.506
58.9598,1.017
58.9698,0.917
58.9798,-1.773
58.9898,0.383
58.9998,-2.727
59.0098,-2.782
59.0198,-3.140
59.0298,-1.757
59.0398,-2.613
59.0498,0.854
59.0598,-0.070
59.0698,-0.430
59.0798,0.265
59.0898,-0.270
59.0998,0.784
59.1099,0.013
59.1199,-0.050
59.1299,-1.840
59.1399,-1.079
59.1499,1.087
59.1599,1.105
59.1699,-2.709
59.1799,-1.144
59.1899,0.132
59.1999,0.131
59.2099,0.045
59.2199,1.854
59.2299,-1.928
59.2399,2.189
59.2499,-0.253
59.2599,-0.369
59.2699,-0.935
59.2799,-0.396
59.2899,-1.358
59.2999,2.996
59.3099,-0.218
59.3199,-1.702
59.3299,1.655
59.3399,1.205
59.3499,0.097
59.3599,0.088
59.3699,2.461
59.3799,0.511
59.3899,0.462
59.3999,0.218
59.4099,3.087
59.4199,2.174
59.4299,0.972
59.4399,-0.482
59.4499,0.394
59.4599,1.078
59.4699,1.130
59.4799,-1.537
59.4899,-0.250
59.4999,-0.600
59.5099,1.630
59.5199,1.945
59.5299,2.140
59.5399,1.406
59.5499,-0.152
59.5599,-0.194
59.5699,-2.839
59.5799,3.105
59.5899,0.079
59.5999,4.228
59.6099,1.166
59.6199,-1.875
59.6299,-2.698
59.6399,0.436
59.6499,2.275
59.6599,0.755
59.6699,-1.983
59.6799,-0.958
59.6899,-3.677
59.6999,-0.858
59.7100,-3.202
59.7200,2.565
59.7300,3.419
59.7400,2.052
59.7500,1.710
59.7600,0.807
59.7700,2.850
59.7800,-0.118
59.7900,1.961
59.8000,0.852
59.8100,-0.138
59.8200,1.075
59.8300,-1.381
59.8400,2.274
59.8500,3.398
59.8600,0.708
59.8700,-0.643
59.8800,0.126
59.8900,0.916
59.9000,-1.198
59.9100,1.506
59.9200,-1.598
59.9300,0.851
59.9400,-1.277
59.9500,-3.740
59.9600,-1.090
59.9700,0.935
59.9800,1.199
59.9900,0.537
60.0000,-1.144
